,DateTime,polarity
0,2022-01-08 14:30:12,0.15372670807453415
1,2022-01-08 14:27:27,0.06875
2,2022-01-08 14:21:46,-0.03696581196581197
3,2022-01-08 13:50:34,0.14064049586776858
4,2022-01-08 13:17:11,0.08848128444513988
5,2022-01-08 09:36:13,0.14403508771929827
6,2022-01-08 08:59:54,0.1285714285714286
7,2022-01-08 05:29:29,0.12142857142857144
8,2022-01-08 04:53:11,0.0891304347826087
9,2022-01-08 02:55:36,0.13061224489795922
10,2022-01-08 02:33:51,0.015798611111111104
11,2022-01-08 02:12:06,0.28645833333333337
12,2022-01-08 02:00:58,0.0989470203285992
13,2022-01-08 01:41:32,0.17604166666666665
14,2022-01-08 01:39:44,0.021875
15,2022-01-08 01:32:25,0.16058802308802309
16,2022-01-08 01:07:26,0.1914285714285714
17,2022-01-08 01:05:20,0.021428571428571432
18,2022-01-08 00:37:54,0.032954545454545486
19,2022-01-08 00:30:00,0.08571428571428572
20,2022-01-07 23:50:44,0.12055555555555555
21,2022-01-07 23:40:24,0.09492108585858587
22,2022-01-07 22:57:53,0.07442810457516338
23,2022-01-07 22:53:14,0.287037037037037
24,2022-01-07 22:36:06,0.6666666666666666
25,2022-01-07 22:27:52,0.04458333333333332
26,2022-01-07 22:04:35,0.15
27,2022-01-07 22:04:14,0.06797979797979799
28,2022-01-07 21:31:41,0.09999999999999999
29,2022-01-07 21:26:53,0.03151785714285713
30,2022-01-07 21:20:16,0.11021825396825398
31,2022-01-07 21:13:22,0.14999999999999997
32,2022-01-07 20:03:54,0.09333333333333334
33,2022-01-07 19:52:17,0.12946428571428573
34,2022-01-07 19:13:15,0.12578379953379953
35,2022-01-07 19:12:51,0.3729166666666666
36,2022-01-07 19:12:26,0.25
37,2022-01-07 19:09:32,-0.25
38,2022-01-07 18:37:58,0.15520833333333334
39,2022-01-07 18:16:55,0.108125
40,2022-01-07 18:04:29,0.09722222222222221
41,2022-01-07 17:20:14,0.08813186813186813
42,2022-01-07 17:08:56,0.09000000000000001
43,2022-01-07 16:50:45,0.15
44,2022-01-07 16:30:55,0.05740740740740741
45,2022-01-07 16:23:45,0.14494949494949494
46,2022-01-07 16:13:23,-0.08611111111111111
47,2022-01-07 15:55:48,0.07148484848484847
48,2022-01-07 15:55:31,0.011363636363636364
49,2022-01-07 15:26:15,0.04896933927654265
50,2022-01-07 15:22:50,-0.02083333333333333
51,2022-01-07 15:00:41,0.14205846895720306
52,2022-01-07 14:50:30,0.18939393939393942
53,2022-01-07 14:12:18,0.375
54,2022-01-07 13:43:42,0.06435185185185187
55,2022-01-07 12:00:20,0.21886904761904763
56,2022-01-07 10:54:16,0.0371875
57,2022-01-07 10:51:08,0.22999999999999998
58,2022-01-07 10:48:57,0.16992753623188409
59,2022-01-07 10:36:26,0.5375
60,2022-01-07 10:30:10,0.01921296296296297
61,2022-01-07 09:04:03,0.1416666666666667
62,2022-01-07 08:58:21,0.0630952380952381
63,2022-01-07 08:37:00,0.04622371675943105
64,2022-01-07 08:33:17,0.14373737373737375
65,2022-01-07 07:11:25,0.09797979797979796
66,2022-01-07 05:12:40,0.03131313131313131
67,2022-01-07 04:29:58,0.020864197530864194
68,2022-01-07 04:28:13,0.13330578512396696
69,2022-01-07 03:13:48,0.17337092731829576
70,2022-01-07 02:00:07,-0.051767676767676775
71,2022-01-07 01:25:07,0.08947437336326225
72,2022-01-07 01:19:47,0.1444444444444445
73,2022-01-07 00:46:13,0.35833333333333334
74,2022-01-07 00:10:48,-0.2604166666666667
75,2022-01-07 00:01:00,-0.09999999999999999
76,2022-01-06 22:55:25,0.1380952380952381
77,2022-01-06 22:29:17,0.08141040507111937
78,2022-01-06 22:26:30,0.4083333333333334
79,2022-01-06 22:19:38,-0.0011111111111110998
80,2022-01-06 22:14:52,0.20659722222222224
81,2022-01-06 22:09:51,0.07884615384615384
82,2022-01-06 21:55:13,0.3416666666666666
83,2022-01-06 21:22:47,0.3788888888888889
84,2022-01-06 21:06:14,0.20943244485294119
85,2022-01-06 20:50:21,0.0662037037037037
86,2022-01-06 20:13:05,0.07980006105006104
87,2022-01-06 20:06:39,0.44166666666666665
88,2022-01-06 19:10:01,0.03333333333333334
89,2022-01-06 18:58:57,0.072
90,2022-01-06 18:24:43,0.10307088744588742
91,2022-01-06 18:13:12,0.09666666666666666
92,2022-01-06 17:48:51,0.14272727272727273
93,2022-01-06 17:43:06,0.33142857142857146
94,2022-01-06 17:29:28,0.17698412698412694
95,2022-01-06 17:25:42,0.09452861952861952
96,2022-01-06 17:15:37,-0.08333333333333333
97,2022-01-06 17:08:47,0.24805194805194805
98,2022-01-06 16:52:26,0.39999999999999997
99,2022-01-06 16:51:41,0.26875
100,2022-01-06 16:41:09,0.16
101,2022-01-06 16:39:11,0.2875
102,2022-01-06 16:28:57,0.01157407407407407
103,2022-01-06 16:09:53,0.25
104,2022-01-06 16:01:14,0.17500000000000002
105,2022-01-06 16:01:12,-0.02372318028055733
106,2022-01-06 16:00:30,0.0651014109347443
107,2022-01-06 15:56:58,-0.07172619047619047
108,2022-01-06 15:49:51,0.1875
109,2022-01-06 15:35:28,0.054431263181263186
110,2022-01-06 15:29:22,0.20876033057851237
111,2022-01-06 15:23:59,0.33205467372134045
112,2022-01-06 15:22:11,0.09888888888888889
113,2022-01-06 15:10:04,0.26082251082251084
114,2022-01-06 15:07:40,0.2833333333333333
115,2022-01-06 14:24:44,0.26666666666666666
116,2022-01-06 14:23:54,0.06050459956709958
117,2022-01-06 14:23:52,-0.02777777777777779
118,2022-01-06 14:22:05,0.21025641025641026
119,2022-01-06 14:11:43,0.2409090909090909
120,2022-01-06 13:48:56,-0.04375000000000001
121,2022-01-06 13:30:36,0.18247245179063365
122,2022-01-06 12:00:12,0.21886904761904763
123,2022-01-06 11:47:32,-0.2351666666666666
124,2022-01-06 10:30:12,0.014761904761904754
125,2022-01-06 09:04:58,0.1074074074074074
126,2022-01-06 07:11:26,0.05277777777777778
127,2022-01-06 06:27:03,0.06888888888888889
128,2022-01-06 05:24:41,0.08703703703703704
129,2022-01-06 05:12:28,0.11833333333333332
130,2022-01-06 05:11:31,0.06104166666666667
131,2022-01-06 04:42:08,0.20616883116883117
132,2022-01-06 04:37:33,0.06666666666666668
133,2022-01-06 03:52:03,0.1
134,2022-01-06 03:44:39,0.06875
135,2022-01-06 03:37:11,0.39999999999999997
136,2022-01-06 03:33:19,0.05103785103785103
137,2022-01-06 03:10:28,0.024258563074352545
138,2022-01-06 02:54:34,0.059914294459748996
139,2022-01-06 02:06:50,0.14065018315018316
140,2022-01-06 01:49:41,0.14375
141,2022-01-06 01:06:20,0.29965986394557825
142,2022-01-06 01:04:54,0.09516666666666666
143,2022-01-06 01:04:34,0.3
144,2022-01-06 00:09:58,-0.028409090909090908
145,2022-01-06 00:04:41,-0.03362573099415205
146,2022-01-06 00:02:43,0.2375
147,2022-01-05 23:40:49,0.19076272933415797
148,2022-01-05 23:22:56,0.15
149,2022-01-05 23:07:32,0.0
150,2022-01-05 23:06:57,0.1630681818181818
151,2022-01-05 22:58:10,0.09444444444444444
152,2022-01-05 22:47:03,0.15938311688311688
153,2022-01-05 22:45:57,0.11820707070707068
154,2022-01-05 22:39:35,0.3625
155,2022-01-05 22:29:49,0.09018597630439736
156,2022-01-05 22:24:00,0.06476757369614512
157,2022-01-05 22:01:59,0.1884146341463415
158,2022-01-05 22:01:15,-0.13722222222222222
159,2022-01-05 21:51:47,0.2203860189909297
160,2022-01-05 21:38:55,0.07100000000000001
161,2022-01-05 21:24:10,0.18860389610389608
162,2022-01-05 21:08:16,0.13079412320483746
163,2022-01-05 21:05:38,0.325
164,2022-01-05 20:36:35,0.11730158730158731
165,2022-01-05 20:22:00,0.39166666666666666
166,2022-01-05 20:11:01,-0.024999999999999998
167,2022-01-05 20:06:12,0.15000000000000002
168,2022-01-05 19:47:32,0.05734611742424242
169,2022-01-05 19:29:14,0.20351648351648352
170,2022-01-05 19:06:45,0.15888877615440117
171,2022-01-05 18:57:43,0.11180555555555553
172,2022-01-05 18:48:49,0.14117647058823532
173,2022-01-05 18:23:36,0.11249999999999999
174,2022-01-05 18:22:46,0.03492592592592594
175,2022-01-05 18:02:21,-0.11249999999999996
176,2022-01-05 17:42:05,0.056818181818181816
177,2022-01-05 17:39:51,0.14946428571428572
178,2022-01-05 17:22:08,0.26666666666666666
179,2022-01-05 17:09:50,-0.13333333333333333
180,2022-01-05 16:41:11,0.13227272727272726
181,2022-01-05 16:15:37,-0.1
182,2022-01-05 16:00:10,-0.0625
183,2022-01-05 15:33:38,0.3043650793650794
184,2022-01-05 15:27:37,-0.034523809523809526
185,2022-01-05 15:18:46,0.23877551020408164
186,2022-01-05 15:10:04,0.04272727272727273
187,2022-01-05 14:58:07,0.02068376068376068
188,2022-01-05 14:57:32,0.19298054435985465
189,2022-01-05 14:30:13,0.0
190,2022-01-05 14:27:02,0.03180555555555556
191,2022-01-05 13:59:52,0.0
192,2022-01-05 13:57:45,-0.20416666666666666
193,2022-01-05 13:56:15,0.26845238095238094
194,2022-01-05 13:45:58,-0.04917929292929293
195,2022-01-05 13:36:56,0.11363636363636362
196,2022-01-05 13:26:16,0.22727272727272724
197,2022-01-05 13:08:03,0.14361826226870478
198,2022-01-05 13:06:10,0.22333333333333333
199,2022-01-05 13:04:00,0.049485930735930744
200,2022-01-05 12:00:16,0.21886904761904763
201,2022-01-05 11:52:41,0.18985890652557322
202,2022-01-05 11:39:47,0.1409090909090909
203,2022-01-05 11:21:28,0.24803921568627457
204,2022-01-05 10:30:14,-0.045454545454545456
205,2022-01-05 10:09:08,0.12329545454545453
206,2022-01-05 10:02:59,0.12878787878787878
207,2022-01-05 10:02:57,0.32572278911564617
208,2022-01-05 08:33:10,0.13742897727272727
209,2022-01-05 07:41:12,0.020000000000000018
210,2022-01-05 04:59:59,-0.0233234126984127
211,2022-01-05 04:59:25,0.19714285714285715
212,2022-01-05 04:31:34,-0.15
213,2022-01-05 04:29:37,0.15
214,2022-01-05 03:58:57,0.13
215,2022-01-05 03:52:34,0.001638755980861243
216,2022-01-05 03:26:56,-0.11125
217,2022-01-05 01:56:55,0.0375
218,2022-01-05 01:51:17,0.1580681818181818
219,2022-01-05 00:35:34,0.061111111111111095
220,2022-01-05 00:34:57,0.06284722222222222
221,2022-01-05 00:17:48,0.3
222,2022-01-04 23:59:37,0.13271604938271606
223,2022-01-04 23:45:14,0.1222222222222222
224,2022-01-04 23:44:27,-0.15312499999999998
225,2022-01-04 23:28:53,0.03912037037037037
226,2022-01-04 22:09:18,0.3949404761904762
227,2022-01-04 22:06:04,0.10817204301075271
228,2022-01-04 21:46:20,-0.004166666666666666
229,2022-01-04 21:28:48,-0.24444444444444446
230,2022-01-04 21:19:13,-0.018518518518518528
231,2022-01-04 21:14:41,-0.24444444444444446
232,2022-01-04 20:43:33,0.0
233,2022-01-04 20:27:26,0.09631277813095994
234,2022-01-04 20:24:39,-0.08409523809523808
235,2022-01-04 20:15:33,0.12916666666666665
236,2022-01-04 20:06:24,0.15357142857142855
237,2022-01-04 19:56:38,0.13318181818181818
238,2022-01-04 19:34:05,0.21333333333333335
239,2022-01-04 19:29:57,0.1516545323363505
240,2022-01-04 19:19:38,0.01285714285714285
241,2022-01-04 19:16:32,-0.07592592592592594
242,2022-01-04 18:50:56,0.2638888888888889
243,2022-01-04 18:41:55,0.08333333333333331
244,2022-01-04 18:41:25,0.1692307692307692
245,2022-01-04 18:07:30,0.375
246,2022-01-04 17:57:25,0.1
247,2022-01-04 17:49:12,0.0
248,2022-01-04 17:45:09,0.2789115646258503
249,2022-01-04 17:36:37,0.55
250,2022-01-04 16:56:51,0.000855654761904745
251,2022-01-04 16:55:41,0.10495337995337994
252,2022-01-04 16:43:00,0.19444444444444445
253,2022-01-04 16:42:29,0.08041062801932368
254,2022-01-04 16:30:36,0.07784090909090909
255,2022-01-04 16:11:51,0.05974747474747474
256,2022-01-04 16:10:03,0.08035714285714286
257,2022-01-04 16:04:37,0.1
258,2022-01-04 15:56:25,0.19090909090909092
259,2022-01-04 15:52:53,0.13890374331550803
260,2022-01-04 15:41:43,-0.00891053391053391
261,2022-01-04 15:38:07,-0.014999999999999994
262,2022-01-04 15:36:17,-0.07790123456790124
263,2022-01-04 15:26:01,0.11428571428571428
264,2022-01-04 15:19:36,0.11802910052910055
265,2022-01-04 15:08:20,0.022222222222222213
266,2022-01-04 15:05:29,-0.12499999999999997
267,2022-01-04 14:52:23,0.18333333333333335
268,2022-01-04 14:45:06,0.21599025974025973
269,2022-01-04 14:14:49,0.1552556818181818
270,2022-01-04 13:58:55,0.08392857142857144
271,2022-01-04 13:49:54,-0.05454545454545454
272,2022-01-04 13:32:03,0.125
273,2022-01-04 12:59:35,-0.08134920634920634
274,2022-01-04 12:04:42,0.0642857142857143
275,2022-01-04 12:00:14,0.21886904761904763
276,2022-01-04 11:44:28,0.05
277,2022-01-04 11:28:12,0.017126623376623386
278,2022-01-04 11:27:10,0.13928313749742324
279,2022-01-04 10:30:13,-0.010802469135802469
280,2022-01-04 10:02:11,0.25
281,2022-01-04 08:15:49,0.09090909090909091
282,2022-01-04 07:45:08,0.15513257575757577
283,2022-01-04 07:41:45,0.1597429653679654
284,2022-01-04 07:04:02,0.5
285,2022-01-04 05:30:25,0.11212121212121211
286,2022-01-04 05:11:15,0.2215909090909091
287,2022-01-04 04:51:25,0.325
288,2022-01-04 04:42:37,0.06904761904761904
289,2022-01-04 04:25:57,0.47000000000000003
290,2022-01-04 04:23:21,-0.01873219373219374
291,2022-01-04 04:09:00,0.1875
292,2022-01-04 04:02:45,0.4166666666666667
293,2022-01-04 03:42:30,-0.2596590909090909
294,2022-01-04 03:40:41,0.13571428571428573
295,2022-01-04 03:35:15,0.0048809523809523764
296,2022-01-04 01:12:57,0.033257575757575764
297,2022-01-04 00:54:50,0.07053571428571428
298,2022-01-04 00:48:17,-0.125
299,2022-01-04 00:19:14,0.1388888888888889
300,2022-01-04 00:11:05,0.23548872180451133
301,2022-01-03 23:57:25,0.03977272727272727
302,2022-01-03 23:45:25,0.23174242424242425
303,2022-01-03 23:16:44,0.04282407407407407
304,2022-01-03 22:45:17,0.278125
305,2022-01-03 22:44:55,0.10852665852665853
306,2022-01-03 22:39:44,-0.06363636363636364
307,2022-01-03 22:23:07,-0.03
308,2022-01-03 22:21:26,0.0324354657687991
309,2022-01-03 21:59:03,-0.04722222222222223
310,2022-01-03 21:49:24,0.12345415778251598
311,2022-01-03 21:35:32,0.1444528619528619
312,2022-01-03 21:25:52,-0.09444444444444444
313,2022-01-03 21:03:43,0.13170370877449195
314,2022-01-03 21:03:28,0.4681818181818182
315,2022-01-03 20:53:37,0.05833333333333332
316,2022-01-03 20:41:14,-0.085
317,2022-01-03 20:32:26,0.2935064935064935
318,2022-01-03 20:27:24,0.30757575757575756
319,2022-01-03 19:43:10,0.15119047619047618
320,2022-01-03 19:38:42,0.10023148148148149
321,2022-01-03 19:36:10,-0.09285714285714287
322,2022-01-03 19:35:11,0.10356565656565656
323,2022-01-03 19:30:58,0.10416666666666667
324,2022-01-03 19:18:10,0.07488636363636363
325,2022-01-03 19:08:48,-0.047222222222222235
326,2022-01-03 18:58:00,0.15808812058812058
327,2022-01-03 18:47:32,0.1875
328,2022-01-03 18:44:16,0.07916666666666668
329,2022-01-03 18:34:18,0.17272727272727273
330,2022-01-03 18:34:14,0.0028571428571428754
331,2022-01-03 18:07:50,0.06327653283535635
332,2022-01-03 17:46:02,0.007984126984126986
333,2022-01-03 17:16:06,0.1707070707070707
334,2022-01-03 16:47:58,-0.07091836734693877
335,2022-01-03 16:39:40,0.06666666666666667
336,2022-01-03 16:34:21,-0.022474747474747477
337,2022-01-03 16:32:08,-0.06590909090909092
338,2022-01-03 15:38:47,-0.1181818181818182
339,2022-01-03 15:24:53,0.16964285714285712
340,2022-01-03 15:16:28,0.18074229691876753
341,2022-01-03 15:01:06,0.15388888888888888
342,2022-01-03 14:51:03,0.18333333333333335
343,2022-01-03 14:17:20,-0.155
344,2022-01-03 14:12:57,0.048978428978429
345,2022-01-03 13:19:30,0.21875
346,2022-01-03 13:15:51,0.08333333333333333
347,2022-01-03 12:50:54,0.0
348,2022-01-03 12:00:10,0.21886904761904763
349,2022-01-03 10:30:15,-0.045454545454545456
350,2022-01-03 08:39:31,0.09285714285714285
351,2022-01-03 08:19:52,0.05284090909090908
352,2022-01-03 05:40:50,0.05166666666666667
353,2022-01-03 04:14:17,0.04721717171717171
354,2022-01-03 03:52:19,0.1425
355,2022-01-03 03:18:53,0.017948717948717947
356,2022-01-03 02:36:32,0.006547619047619052
357,2022-01-03 01:37:27,0.27346938775510204
358,2022-01-03 00:32:12,-0.007539682539682546
359,2022-01-02 23:23:23,0.2875
360,2022-01-02 23:03:15,0.07586805555555558
361,2022-01-02 22:52:11,0.011206896551724129
362,2022-01-02 22:50:10,0.2589285714285714
363,2022-01-02 22:42:32,0.0838888888888889
364,2022-01-02 22:33:09,0.12097998619737751
365,2022-01-02 22:24:51,0.17884954193093724
366,2022-01-02 21:38:42,0.1362353577794754
367,2022-01-02 21:06:01,0.046378968253968256
368,2022-01-02 20:13:42,0.11538461538461539
369,2022-01-02 19:41:17,0.14
370,2022-01-02 19:19:32,-0.0888888888888889
371,2022-01-02 19:15:05,0.10781385281385282
372,2022-01-02 19:06:25,0.225
373,2022-01-02 19:05:34,0.17530864197530865
374,2022-01-02 19:01:46,0.25999999999999995
375,2022-01-02 18:31:43,0.10798457952304105
376,2022-01-02 17:52:06,0.02909090909090909
377,2022-01-02 17:11:25,0.04348169191919191
378,2022-01-02 17:04:51,0.35833333333333334
379,2022-01-02 16:59:46,0.15867346938775512
380,2022-01-02 16:48:10,0.20088154269972458
381,2022-01-02 16:40:29,0.011038961038961041
382,2022-01-02 16:28:37,0.12121212121212122
383,2022-01-02 16:23:21,0.21055555555555552
384,2022-01-02 14:58:58,0.2
385,2022-01-02 14:28:33,-0.00588235294117647
386,2022-01-02 13:51:34,0.14863636363636362
387,2022-01-02 13:02:54,0.12919372294372294
388,2022-01-02 11:52:24,-0.09999999999999999
389,2022-01-02 11:29:09,0.29
390,2022-01-02 09:24:19,0.13267713189588193
391,2022-01-02 08:51:20,0.0962962962962963
392,2022-01-02 05:40:11,0.3
393,2022-01-02 05:17:44,0.1
394,2022-01-02 05:01:35,0.19333333333333333
395,2022-01-02 03:37:40,0.24837962962962962
396,2022-01-02 03:34:39,0.10128205128205128
397,2022-01-02 02:03:55,0.15416666666666667
398,2022-01-02 00:47:06,0.25245310245310243
399,2022-01-02 00:27:43,0.42000000000000004
400,2022-01-02 00:11:00,0.03807692307692308
401,2022-01-02 00:06:56,0.12142857142857143
402,2022-01-01 23:43:08,0.019191919191919198
403,2022-01-01 23:18:41,0.25
404,2022-01-01 22:31:04,0.049999999999999996
405,2022-01-01 22:08:11,0.08504033844942936
406,2022-01-01 21:58:20,-0.0203125
407,2022-01-01 21:26:33,0.12202797202797203
408,2022-01-01 21:22:54,0.07876847290640394
409,2022-01-01 21:05:29,-0.14138888888888884
410,2022-01-01 20:57:51,0.12152133580705009
411,2022-01-01 19:28:59,0.17949035812672176
412,2022-01-01 19:08:54,0.3
413,2022-01-01 19:00:38,0.22777777777777777
414,2022-01-01 18:40:23,0.20000000000000004
415,2022-01-01 18:07:27,0.0010330578512396686
416,2022-01-01 17:44:42,0.12394652230350924
417,2022-01-01 17:36:56,-0.004761904761904757
418,2022-01-01 17:29:56,0.10192307692307692
419,2022-01-01 17:19:02,0.24032738095238096
420,2022-01-01 17:09:58,-0.0625
421,2022-01-01 16:05:40,0.23645833333333333
422,2022-01-01 15:45:29,0.058624338624338614
423,2022-01-01 15:30:18,0.13521825396825396
424,2022-01-01 14:26:38,0.0078125
425,2022-01-01 12:18:42,0.2669642857142857
426,2022-01-01 10:44:33,0.22083333333333335
427,2022-01-01 10:38:06,-0.2
428,2022-01-01 09:27:53,0.08436598124098123
429,2022-01-01 07:28:25,0.0930121319010208
430,2022-01-01 06:50:37,0.04449335974759704
431,2022-01-01 05:05:49,0.07333333333333333
432,2022-01-01 04:07:20,0.34805194805194806
433,2022-01-01 02:26:58,0.41904761904761906
434,2022-01-01 02:26:41,0.11666666666666665
435,2022-01-01 01:35:32,-0.02539682539682539
436,2022-01-01 00:34:34,0.20730158730158732
437,2022-01-01 00:23:43,0.18897058823529414
438,2021-12-31 22:34:41,0.13888888888888887
439,2021-12-31 22:15:47,0.22209595959595962
440,2021-12-31 21:08:21,0.275
441,2021-12-31 21:00:40,0.32739898989898986
442,2021-12-31 20:18:48,0.25
443,2021-12-31 20:06:48,0.13022727272727275
444,2021-12-31 19:24:49,0.012499999999999997
445,2021-12-31 19:16:04,0.14977420892599466
446,2021-12-31 19:01:41,-0.017857142857142856
447,2021-12-31 18:40:41,-0.043804338023088016
448,2021-12-31 17:42:51,0.26914983164983164
449,2021-12-31 17:40:53,0.10851948051948053
450,2021-12-31 17:32:58,0.145
451,2021-12-31 16:47:02,0.15911796536796538
452,2021-12-31 15:44:47,0.16666666666666666
453,2021-12-31 15:04:14,0.020416666666666666
454,2021-12-31 14:58:38,0.0
455,2021-12-31 14:49:52,-0.009999999999999998
456,2021-12-31 14:49:09,0.12083333333333333
457,2021-12-31 14:47:05,0.3629208754208754
458,2021-12-31 14:47:00,0.16570616883116884
459,2021-12-31 13:50:55,0.022878787878787867
460,2021-12-31 13:40:29,0.24444444444444446
461,2021-12-31 13:17:51,-0.0625
462,2021-12-31 13:06:29,0.48888888888888893
463,2021-12-31 13:02:31,0.022222222222222237
464,2021-12-31 12:00:14,0.21886904761904763
465,2021-12-31 10:44:26,0.11696428571428572
466,2021-12-31 10:38:09,0.04772727272727273
467,2021-12-31 10:30:13,0.01921296296296297
468,2021-12-31 09:39:12,-0.053086419753086436
469,2021-12-31 09:37:53,-0.22211538461538463
470,2021-12-31 08:54:13,0.42857142857142855
471,2021-12-31 07:06:29,-0.03620370370370371
472,2021-12-31 06:41:58,-0.02306034482758621
473,2021-12-31 05:54:38,0.20714285714285713
474,2021-12-31 05:41:35,0.011144179894179892
475,2021-12-31 05:26:15,0.2
476,2021-12-31 05:25:20,0.1370224804435331
477,2021-12-31 05:02:48,0.05000000000000002
478,2021-12-31 04:54:38,0.31428571428571433
479,2021-12-31 02:55:04,0.0
480,2021-12-31 01:42:07,0.1285714285714286
481,2021-12-31 01:41:04,0.02884615384615384
482,2021-12-31 01:14:49,-0.026190476190476163
483,2021-12-31 01:11:57,0.3111111111111111
484,2021-12-30 23:30:39,-0.05833333333333334
485,2021-12-30 23:07:27,0.12416666666666669
486,2021-12-30 22:14:43,0.2177037037037037
487,2021-12-30 22:13:44,0.1687812187812188
488,2021-12-30 22:12:10,0.11782828282828281
489,2021-12-30 21:33:47,0.06879493464052289
490,2021-12-30 21:13:53,-0.04583333333333334
491,2021-12-30 20:48:45,0.0
492,2021-12-30 20:20:28,0.04
493,2021-12-30 20:15:54,0.25454545454545463
494,2021-12-30 19:41:34,0.10267857142857142
495,2021-12-30 19:17:53,0.12025252525252525
496,2021-12-30 18:51:35,0.0875
497,2021-12-30 18:45:39,-0.008333333333333337
498,2021-12-30 18:35:38,0.17653061224489797
499,2021-12-30 18:34:58,-0.17999999999999997
500,2021-12-30 18:10:45,0.11
501,2021-12-30 18:01:16,0.3155555555555555
502,2021-12-30 17:59:10,0.37142857142857144
503,2021-12-30 17:49:48,0.029320987654320983
504,2021-12-30 17:45:24,-0.3
505,2021-12-30 17:43:41,0.1
506,2021-12-30 17:30:00,0.021250000000000005
507,2021-12-30 17:18:27,0.12638888888888888
508,2021-12-30 17:14:38,0.23499999999999996
509,2021-12-30 16:42:58,0.022916666666666658
510,2021-12-30 16:05:40,0.11875
511,2021-12-30 16:00:03,-0.13600852272727273
512,2021-12-30 15:56:52,0.012500000000000004
513,2021-12-30 15:30:29,0.16203703703703703
514,2021-12-30 15:26:07,-0.04
515,2021-12-30 15:17:56,-0.016269841269841268
516,2021-12-30 15:16:40,-0.01125965537730244
517,2021-12-30 15:11:42,0.128133762436394
518,2021-12-30 14:22:55,0.25
519,2021-12-30 13:52:20,0.1481691919191919
520,2021-12-30 13:09:44,0.14083333333333334
521,2021-12-30 13:06:55,-0.28530092592592593
522,2021-12-30 13:04:44,0.07500000000000001
523,2021-12-30 12:36:51,0.08477443609022557
524,2021-12-30 12:28:13,0.3
525,2021-12-30 12:23:47,0.0
526,2021-12-30 12:05:45,0.12137082541758805
527,2021-12-30 12:00:13,0.21886904761904763
528,2021-12-30 11:48:25,0.11400001450252709
529,2021-12-30 10:30:13,0.014761904761904754
530,2021-12-30 10:27:13,0.3502645502645503
531,2021-12-30 10:14:27,0.053493666827000165
532,2021-12-30 09:18:01,0.25
533,2021-12-30 08:14:19,0.2392857142857143
534,2021-12-30 08:13:44,0.08854166666666667
535,2021-12-30 08:08:59,0.18749999999999997
536,2021-12-30 07:15:00,0.21666666666666667
537,2021-12-30 05:42:49,0.22875
538,2021-12-30 04:15:52,0.1175925609478241
539,2021-12-30 03:43:31,0.010795454545454544
540,2021-12-30 02:54:30,0.16570961718020544
541,2021-12-30 02:54:26,0.19905753968253972
542,2021-12-30 02:15:22,0.10606060606060606
543,2021-12-30 00:35:24,-0.16268939393939397
544,2021-12-29 23:20:01,0.43241758241758216
545,2021-12-29 22:41:54,0.16499999999999998
546,2021-12-29 21:46:33,0.07964743589743589
547,2021-12-29 21:35:40,0.19
548,2021-12-29 21:33:35,0.10231650481650481
549,2021-12-29 21:16:52,-0.22083333333333333
550,2021-12-29 21:09:53,0.15131113256113257
551,2021-12-29 20:55:06,0.22083333333333333
552,2021-12-29 20:37:56,-0.078125
553,2021-12-29 20:26:43,0.0988950480413895
554,2021-12-29 20:22:21,0.2285714285714286
555,2021-12-29 20:22:17,-0.004298941798941804
556,2021-12-29 20:20:40,-0.1285714285714286
557,2021-12-29 19:54:18,0.17321428571428574
558,2021-12-29 19:04:39,0.10055555555555555
559,2021-12-29 18:40:49,0.020000000000000004
560,2021-12-29 18:16:30,0.15714285714285717
561,2021-12-29 17:30:40,0.09583333333333333
562,2021-12-29 17:01:33,0.1871031746031746
563,2021-12-29 16:25:49,0.29027777777777775
564,2021-12-29 16:22:20,0.061855568673750486
565,2021-12-29 16:05:35,0.09999999999999999
566,2021-12-29 15:29:57,0.1902968460111317
567,2021-12-29 15:18:26,0.05544733044733046
568,2021-12-29 15:02:41,0.0625
569,2021-12-29 14:37:39,0.2992063492063492
570,2021-12-29 14:00:04,0.01333333333333333
571,2021-12-29 13:29:48,0.21736583522297803
572,2021-12-29 13:23:33,0.14494949494949494
573,2021-12-29 12:00:16,0.21886904761904763
574,2021-12-29 11:19:17,0.1339902497194164
575,2021-12-29 10:30:14,-0.045454545454545456
576,2021-12-29 10:27:34,0.08484848484848485
577,2021-12-29 09:07:18,0.031060606060606056
578,2021-12-29 08:58:26,0.029761904761904774
579,2021-12-29 05:59:55,-0.11587301587301588
580,2021-12-29 05:23:45,0.5
581,2021-12-29 04:59:06,0.04
582,2021-12-29 04:20:20,0.09317956349206348
583,2021-12-29 04:10:55,0.1433333333333333
584,2021-12-29 03:36:45,0.058798701298701295
585,2021-12-29 03:09:50,0.01858164983164983
586,2021-12-29 03:02:49,0.10166437098255282
587,2021-12-29 02:44:36,-0.027857142857142858
588,2021-12-29 02:43:27,0.016666666666666673
589,2021-12-29 01:38:06,0.25909090909090904
590,2021-12-29 01:31:47,0.0029761904761904856
591,2021-12-29 00:43:29,0.17857142857142858
592,2021-12-29 00:24:31,0.16875
593,2021-12-29 00:06:18,0.1083668856396129
594,2021-12-28 23:56:54,0.19985119047619046
595,2021-12-28 23:53:16,0.09090909090909091
596,2021-12-28 23:23:33,0.08367965367965369
597,2021-12-28 22:48:26,0.05072611359496606
598,2021-12-28 22:04:23,0.049813492063492094
599,2021-12-28 22:02:17,-0.010711279461279461
600,2021-12-28 21:30:00,0.14814814814814814
601,2021-12-28 21:01:43,0.2128968253968254
602,2021-12-28 20:19:24,0.08257575757575757
603,2021-12-28 20:18:59,0.15
604,2021-12-28 18:23:53,0.07341269841269843
605,2021-12-28 18:16:41,0.15795918367346942
606,2021-12-28 18:01:07,0.31666666666666665
607,2021-12-28 17:54:37,0.0
608,2021-12-28 17:43:57,0.05714285714285715
609,2021-12-28 17:27:16,0.05500000000000001
610,2021-12-28 17:18:52,0.04285714285714286
611,2021-12-28 17:01:25,0.03
612,2021-12-28 15:54:54,0.09756728778467909
613,2021-12-28 15:44:39,0.06845238095238096
614,2021-12-28 15:42:35,0.15833333333333333
615,2021-12-28 15:38:55,0.2333333333333333
616,2021-12-28 15:27:08,0.29333333333333333
617,2021-12-28 14:58:51,-0.08650793650793652
618,2021-12-28 14:49:16,0.08346829640947291
619,2021-12-28 13:02:39,0.15001634199134206
620,2021-12-28 12:51:12,0.06470561092654115
621,2021-12-28 12:44:26,0.19375
622,2021-12-28 12:10:04,0.209375
623,2021-12-28 12:00:14,0.21886904761904763
624,2021-12-28 11:16:19,0.12857142857142856
625,2021-12-28 10:41:42,0.07799999999999999
626,2021-12-28 10:30:16,-0.010802469135802469
627,2021-12-28 09:02:05,0.09987660106216809
628,2021-12-28 08:43:55,-0.1503968253968254
629,2021-12-28 07:39:14,0.04410924723424723
630,2021-12-28 07:01:19,0.126
631,2021-12-28 06:26:10,-0.12875
632,2021-12-28 05:56:41,0.06497668997668998
633,2021-12-28 04:01:13,0.1818181818181818
634,2021-12-28 03:31:00,0.12357142857142858
635,2021-12-28 03:11:44,0.06
636,2021-12-28 02:34:17,0.009166666666666674
637,2021-12-28 02:19:24,-0.0800925925925926
638,2021-12-28 02:10:59,0.06666666666666667
639,2021-12-28 02:04:16,0.1324074074074074
640,2021-12-28 01:20:02,-0.037500000000000006
641,2021-12-28 00:46:07,0.09184065934065933
642,2021-12-28 00:30:08,0.2409090909090909
643,2021-12-27 23:29:59,0.17596153846153847
644,2021-12-27 23:27:39,0.21872807017543858
645,2021-12-27 23:06:19,0.275
646,2021-12-27 22:47:27,0.125
647,2021-12-27 22:46:25,0.06504830917874395
648,2021-12-27 22:43:31,0.20119539551357735
649,2021-12-27 22:36:47,0.21257575757575756
650,2021-12-27 22:07:19,0.05275862068965518
651,2021-12-27 22:05:08,0.13298160173160173
652,2021-12-27 21:56:50,0.13335557960557962
653,2021-12-27 21:36:33,0.11567460317460317
654,2021-12-27 21:04:05,0.225
655,2021-12-27 20:08:51,0.06250000000000001
656,2021-12-27 19:43:20,0.17916666666666667
657,2021-12-27 19:07:48,0.056249999999999994
658,2021-12-27 18:39:30,0.15
659,2021-12-27 18:30:07,0.19999999999999998
660,2021-12-27 17:55:41,0.04642857142857143
661,2021-12-27 17:43:19,0.08928571428571429
662,2021-12-27 17:19:50,0.10190145502645503
663,2021-12-27 17:19:03,0.21904761904761905
664,2021-12-27 17:12:49,-0.22023809523809526
665,2021-12-27 17:01:32,0.2763131313131313
666,2021-12-27 16:54:06,0.21428571428571427
667,2021-12-27 16:46:48,0.0870748299319728
668,2021-12-27 16:30:28,-0.03409863945578233
669,2021-12-27 16:19:12,0.06388888888888887
670,2021-12-27 15:42:03,0.2055107055107055
671,2021-12-27 15:32:41,0.07619047619047618
672,2021-12-27 15:10:24,-0.08808922558922558
673,2021-12-27 14:10:42,0.18183593750000002
674,2021-12-27 13:57:03,0.01791351010101009
675,2021-12-27 13:34:30,0.28044507575757577
676,2021-12-27 13:10:43,0.12554216406489135
677,2021-12-27 12:00:17,0.21886904761904763
678,2021-12-27 11:59:06,0.11515151515151513
679,2021-12-27 11:56:21,0.121875
680,2021-12-27 10:30:18,-0.045454545454545456
681,2021-12-27 10:18:19,0.3111111111111111
682,2021-12-27 09:56:46,0.1976190476190476
683,2021-12-27 09:38:16,0.15555555555555556
684,2021-12-27 08:28:54,-0.0625
685,2021-12-27 06:19:48,-0.1759375
686,2021-12-27 03:45:56,0.3
687,2021-12-27 03:20:35,0.036458333333333336
688,2021-12-27 03:18:47,0.4261904761904762
689,2021-12-27 02:32:55,0.05137586668074473
690,2021-12-27 02:08:57,0.125
691,2021-12-27 01:51:54,0.1590909090909091
692,2021-12-27 01:06:51,0.10000000000000002
693,2021-12-27 00:57:59,0.09444444444444444
694,2021-12-27 00:32:15,0.03125
695,2021-12-27 00:30:28,-0.042499999999999996
696,2021-12-27 00:04:10,0.128125
697,2021-12-26 23:50:14,0.09959783015338573
698,2021-12-26 23:49:13,0.12202380952380952
699,2021-12-26 23:22:17,0.11955217762035944
700,2021-12-26 23:05:27,0.4583333333333333
701,2021-12-26 22:51:19,-0.016666666666666663
702,2021-12-26 22:48:06,-0.05714285714285714
703,2021-12-26 22:47:46,0.061136363636363635
704,2021-12-26 22:16:07,0.018308080808080808
705,2021-12-26 18:43:49,-0.75
706,2021-12-26 18:33:55,0.27999999999999997
707,2021-12-26 18:21:21,0.3416666666666666
708,2021-12-26 17:41:06,0.09578663680696818
709,2021-12-26 17:08:37,0.1285936285936286
710,2021-12-26 17:06:55,0.209375
711,2021-12-26 16:42:58,0.5
712,2021-12-26 14:50:32,-0.125
713,2021-12-26 14:34:27,-0.013095238095238096
714,2021-12-26 14:29:05,0.40499999999999997
715,2021-12-26 14:23:34,0.14853586889301176
716,2021-12-26 13:52:01,0.16266233766233765
717,2021-12-26 12:55:23,0.10409774436090224
718,2021-12-26 10:50:27,0.0
719,2021-12-26 06:51:30,0.4454545454545455
720,2021-12-26 02:33:53,0.4777777777777778
721,2021-12-26 01:51:44,0.1795138888888889
722,2021-12-26 00:25:07,0.08705882352941179
723,2021-12-25 23:39:54,0.10314484126984126
724,2021-12-25 23:19:33,0.2320512820512821
725,2021-12-25 22:11:08,0.07790178571428572
726,2021-12-25 22:05:16,-0.125
727,2021-12-25 21:13:55,0.2522222222222222
728,2021-12-25 20:55:40,0.17857142857142855
729,2021-12-25 20:16:53,0.320734126984127
730,2021-12-25 20:08:50,0.1900252525252525
731,2021-12-25 19:55:12,0.11047619047619046
732,2021-12-25 18:40:35,0.17833333333333332
733,2021-12-25 16:29:52,-0.025
734,2021-12-25 12:58:07,-0.225
735,2021-12-25 09:18:45,0.026851851851851852
736,2021-12-25 08:06:36,0.004535147392290251
737,2021-12-25 05:51:37,0.1547201336675021
738,2021-12-25 03:53:08,0.09845779220779222
739,2021-12-25 03:37:31,0.040714285714285765
740,2021-12-25 01:34:19,0.22000000000000003
741,2021-12-25 01:10:37,0.2333333333333333
742,2021-12-25 00:48:40,-0.018055555555555557
743,2021-12-25 00:41:19,0.03712121212121212
744,2021-12-24 21:08:58,0.10288617886178862
745,2021-12-24 21:06:28,-0.35
746,2021-12-24 19:38:43,0.029285714285714286
747,2021-12-24 19:38:08,-0.18
748,2021-12-24 18:27:30,0.05416666666666666
749,2021-12-24 18:10:37,0.13046874999999997
750,2021-12-24 17:13:55,0.006583124477861318
751,2021-12-24 16:33:26,0.32666666666666666
752,2021-12-24 16:03:54,0.1589065255731922
753,2021-12-24 15:22:22,0.028071928071928078
754,2021-12-24 13:59:59,0.005146182320095361
755,2021-12-24 13:18:23,0.175
756,2021-12-24 13:15:27,0.12393650793650793
757,2021-12-24 12:00:18,0.21886904761904763
758,2021-12-24 10:30:11,0.01921296296296297
759,2021-12-24 10:23:47,0.12999999999999998
760,2021-12-24 06:06:30,0.3996428571428571
761,2021-12-24 04:41:55,0.16
762,2021-12-24 04:08:16,0.1621212121212121
763,2021-12-24 03:45:27,0.1880952380952381
764,2021-12-24 01:24:06,0.25833333333333336
765,2021-12-24 01:22:59,0.053968253968253964
766,2021-12-24 00:30:31,0.12430555555555556
767,2021-12-23 23:56:57,0.0513652809608692
768,2021-12-23 23:42:46,-0.08333333333333333
769,2021-12-23 23:20:46,0.15340909090909088
770,2021-12-23 23:09:43,-0.20000000000000004
771,2021-12-23 22:26:50,0.14247632575757574
772,2021-12-23 21:11:56,0.0240740740740741
773,2021-12-23 21:10:07,0.1442089189349464
774,2021-12-23 20:49:08,0.09583333333333335
775,2021-12-23 20:26:45,0.24285714285714285
776,2021-12-23 19:29:55,-0.02685185185185186
777,2021-12-23 19:24:58,0.19064425770308122
778,2021-12-23 18:49:16,-0.10740740740740741
779,2021-12-23 18:47:03,0.2051948051948052
780,2021-12-23 18:42:49,0.1305952380952381
781,2021-12-23 18:17:10,0.11238095238095237
782,2021-12-23 17:44:11,0.013888888888888888
783,2021-12-23 17:43:04,0.0
784,2021-12-23 17:41:05,0.375
785,2021-12-23 17:12:24,0.4666666666666666
786,2021-12-23 15:36:58,0.21666666666666665
787,2021-12-23 12:00:18,0.21886904761904763
788,2021-12-23 11:43:48,-0.0375
789,2021-12-23 10:42:56,-0.01768799102132436
790,2021-12-23 10:30:21,0.014761904761904754
791,2021-12-23 10:02:35,0.05808080808080808
792,2021-12-23 09:12:55,0.10359625668449199
793,2021-12-23 07:25:37,0.15833333333333335
794,2021-12-23 04:33:30,0.0
795,2021-12-23 03:28:34,0.11632653061224489
796,2021-12-23 03:01:23,0.07414141414141415
797,2021-12-23 02:06:39,0.036904761904761905
798,2021-12-23 01:55:58,0.14501488095238094
799,2021-12-23 01:41:42,0.02607142857142857
800,2021-12-23 01:25:51,-0.05
801,2021-12-23 00:20:06,0.02954545454545454
802,2021-12-23 00:09:57,0.21818181818181817
803,2021-12-22 23:53:12,0.11658620365142103
804,2021-12-22 23:11:54,0.0778377525252525
805,2021-12-22 23:10:45,0.12588791137178235
806,2021-12-22 22:41:05,0.0
807,2021-12-22 21:50:51,0.13837853323147442
808,2021-12-22 21:47:59,0.13986858379715525
809,2021-12-22 20:31:53,0.16893939393939392
810,2021-12-22 19:41:37,0.19523809523809527
811,2021-12-22 18:30:04,0.08915343915343915
812,2021-12-22 17:51:26,0.21785714285714283
813,2021-12-22 17:37:00,0.0
814,2021-12-22 17:14:57,0.039814814814814824
815,2021-12-22 17:11:41,-0.7333333333333334
816,2021-12-22 17:07:52,0.11818181818181818
817,2021-12-22 17:02:59,-0.15555555555555559
818,2021-12-22 16:39:12,0.008441558441558457
819,2021-12-22 14:57:41,0.3547619047619048
820,2021-12-22 14:14:27,0.22000000000000003
821,2021-12-22 12:36:41,0.125
822,2021-12-22 12:00:14,0.21886904761904763
823,2021-12-22 11:14:47,0.17314814814814816
824,2021-12-22 10:30:09,-0.045454545454545456
825,2021-12-22 07:10:21,0.15200000000000002
826,2021-12-22 06:39:01,-0.019999999999999997
827,2021-12-22 05:46:34,-0.1213888888888889
828,2021-12-22 05:44:53,0.1359243697478992
829,2021-12-22 04:57:57,0.025000000000000005
830,2021-12-22 04:45:56,0.49375
831,2021-12-22 03:58:51,0.1899367559523809
832,2021-12-22 03:57:17,0.15597222222222223
833,2021-12-22 03:34:03,0.35714285714285715
834,2021-12-22 02:50:51,0.12322796934865901
835,2021-12-22 02:37:59,0.03333333333333333
836,2021-12-22 02:32:43,0.0
837,2021-12-22 01:23:30,0.17604166666666665
838,2021-12-22 00:42:04,0.29772727272727273
839,2021-12-22 00:34:14,0.0541713691713692
840,2021-12-22 00:23:36,0.14285714285714285
841,2021-12-21 23:25:03,0.08029172029172028
842,2021-12-21 23:09:51,0.125
843,2021-12-21 23:08:34,-0.013888888888888888
844,2021-12-21 22:49:17,-0.07936507936507937
845,2021-12-21 21:56:02,-0.002136752136752141
846,2021-12-21 21:40:34,0.19026703916238802
847,2021-12-21 21:35:52,0.12595202900080948
848,2021-12-21 21:27:50,0.0851851851851852
849,2021-12-21 21:15:19,0.12693836513280962
850,2021-12-21 21:03:32,0.19628906250000003
851,2021-12-21 19:55:03,0.11714285714285713
852,2021-12-21 19:08:40,0.1883597883597883
853,2021-12-21 19:05:00,0.056585373690636855
854,2021-12-21 18:35:32,0.24714285714285716
855,2021-12-21 18:19:08,-0.06722222222222222
856,2021-12-21 17:29:40,0.14107142857142857
857,2021-12-21 17:24:43,0.16788636363636364
858,2021-12-21 17:08:49,0.13310030395136777
859,2021-12-21 17:02:36,0.0853174603174603
860,2021-12-21 17:02:17,-0.16319444444444445
861,2021-12-21 16:23:12,0.26785714285714285
862,2021-12-21 16:18:59,0.10493827160493827
863,2021-12-21 16:00:55,0.27
864,2021-12-21 15:48:14,0.07291666666666667
865,2021-12-21 15:30:34,0.061474116161616174
866,2021-12-21 15:27:18,-0.1385416666666667
867,2021-12-21 15:13:32,0.3033251231527093
868,2021-12-21 14:58:58,0.16826923076923073
869,2021-12-21 14:50:12,0.007638888888888893
870,2021-12-21 14:45:32,0.3368596681096681
871,2021-12-21 14:33:28,0.1285714285714286
872,2021-12-21 14:13:51,0.038244047619047615
873,2021-12-21 13:51:32,0.4121212121212121
874,2021-12-21 12:26:40,0.14248965848965844
875,2021-12-21 12:00:19,0.21886904761904763
876,2021-12-21 11:41:41,0.04941558441558441
877,2021-12-21 11:14:26,0.028333333333333332
878,2021-12-21 11:00:49,0.195
879,2021-12-21 10:30:17,-0.010802469135802469
880,2021-12-21 09:00:56,0.025658369408369408
881,2021-12-21 07:17:55,-0.011212121212121208
882,2021-12-21 06:07:27,0.1909090909090909
883,2021-12-21 05:36:14,0.06666666666666667
884,2021-12-21 05:08:00,-0.1285714285714286
885,2021-12-21 04:51:27,0.1357142857142857
886,2021-12-21 03:37:19,-0.07839506172839507
887,2021-12-21 03:36:54,0.16499999999999998
888,2021-12-21 02:22:16,-0.0016666666666666646
889,2021-12-21 02:12:17,0.325
890,2021-12-21 01:31:15,0.1088235294117647
891,2021-12-21 01:29:13,0.17333333333333334
892,2021-12-21 01:10:10,-0.03500000000000001
893,2021-12-21 00:56:42,0.12747294372294374
894,2021-12-21 00:39:03,0.0625
895,2021-12-21 00:26:33,-0.01666666666666667
896,2021-12-20 23:48:32,0.14166666666666666
897,2021-12-20 23:22:06,0.11666666666666665
898,2021-12-20 22:35:47,0.0563888888888889
899,2021-12-20 22:32:16,-0.08966329966329965
900,2021-12-20 22:06:28,0.22870370370370374
901,2021-12-20 22:04:10,0.12222222222222223
902,2021-12-20 21:54:49,0.04032467532467532
903,2021-12-20 21:52:18,0.23333333333333336
904,2021-12-20 21:52:05,0.03749999999999999
905,2021-12-20 21:27:31,0.08333333333333333
906,2021-12-20 21:19:11,0.2866666666666667
907,2021-12-20 21:16:20,0.18425925925925926
908,2021-12-20 21:04:25,0.175
909,2021-12-20 20:56:33,-0.22337962962962965
910,2021-12-20 20:35:32,-0.025
911,2021-12-20 20:13:39,0.15332505729564558
912,2021-12-20 20:00:42,0.1278272005772006
913,2021-12-20 19:59:07,0.0
914,2021-12-20 19:50:42,-0.011078042328042331
915,2021-12-20 19:42:52,0.075
916,2021-12-20 19:23:36,0.20463441786971198
917,2021-12-20 19:11:51,0.22420634920634924
918,2021-12-20 18:50:15,-0.17972222222222226
919,2021-12-20 17:21:04,-0.0839506172839506
920,2021-12-20 17:19:35,0.2602083333333333
921,2021-12-20 16:43:22,0.25
922,2021-12-20 16:29:17,0.0
923,2021-12-20 16:16:57,0.0
924,2021-12-20 16:13:06,0.1527777777777778
925,2021-12-20 15:57:01,0.10000000000000002
926,2021-12-20 15:56:15,0.15506949191159713
927,2021-12-20 15:44:06,0.02575757575757576
928,2021-12-20 15:18:47,-0.2888888888888888
929,2021-12-20 15:00:15,0.08287247474747478
930,2021-12-20 14:38:42,0.07081072631072631
931,2021-12-20 14:37:33,0.11010802469135803
932,2021-12-20 13:36:42,-0.016249999999999994
933,2021-12-20 13:00:53,0.1791666666666667
934,2021-12-20 12:00:16,0.21886904761904763
935,2021-12-20 11:22:07,0.03474050853361197
936,2021-12-20 10:56:50,0.09
937,2021-12-20 10:30:18,-0.045454545454545456
938,2021-12-20 08:57:15,0.061216577540106946
939,2021-12-20 08:16:42,0.0361036752363283
940,2021-12-20 07:04:33,0.05714285714285714
941,2021-12-20 06:45:25,-0.04901960784313725
942,2021-12-20 06:44:49,0.12857142857142861
943,2021-12-20 06:38:01,0.13333333333333333
944,2021-12-20 06:27:05,0.2702380952380952
945,2021-12-20 05:22:45,0.003124999999999996
946,2021-12-20 05:17:51,0.22450980392156855
947,2021-12-20 03:12:54,0.002777777777777777
948,2021-12-20 02:22:38,0.17416666666666666
949,2021-12-20 01:31:16,-0.0765625
950,2021-12-20 01:24:12,-0.019047619047619035
951,2021-12-19 22:57:21,0.15329768270944744
952,2021-12-19 22:48:30,-0.25
953,2021-12-19 20:53:14,-0.10138888888888889
954,2021-12-19 20:15:27,0.2241626794258373
955,2021-12-19 19:45:34,0.17704081632653063
956,2021-12-19 19:43:40,0.16499999999999998
957,2021-12-19 17:01:49,0.25
958,2021-12-19 16:00:34,0.11378787878787881
959,2021-12-19 12:38:58,0.17395833333333333
960,2021-12-19 12:31:38,0.12000000000000002
961,2021-12-19 10:49:06,0.3030525846702317
962,2021-12-19 09:52:57,0.004166666666666666
963,2021-12-19 07:14:07,0.21723057644110275
964,2021-12-19 06:52:07,0.06269841269841268
965,2021-12-19 05:37:56,0.465
966,2021-12-19 03:14:18,0.3
967,2021-12-19 00:37:30,-0.012499999999999997
968,2021-12-18 23:47:15,0.04583333333333334
969,2021-12-18 22:45:06,0.20277777777777775
970,2021-12-18 22:41:14,-0.015656565656565664
971,2021-12-18 21:50:17,0.11355790043290041
972,2021-12-18 21:41:22,0.12063492063492062
973,2021-12-18 21:36:14,0.2833333333333333
974,2021-12-18 21:20:49,0.23981481481481481
975,2021-12-18 21:15:11,0.225
976,2021-12-18 20:55:47,-0.012499999999999997
977,2021-12-18 19:55:10,0.15486111111111112
978,2021-12-18 18:23:02,0.10666666666666667
979,2021-12-18 18:04:59,0.14305555555555552
980,2021-12-18 17:39:15,0.11683093692022264
981,2021-12-18 16:55:39,0.3071428571428571
