DATE,SP500,S&UP10%
28/12/2016,2249.92,2474.912
29/12/2016,2249.26,2474.186
30/12/2016,2238.83,2462.713
03/01/2017,2257.83,2483.613
04/01/2017,2270.75,2497.825
05/01/2017,2269,2495.9
06/01/2017,2276.98,2504.678
09/01/2017,2268.9,2495.79
10/01/2017,2268.9,2495.79
11/01/2017,2275.32,2502.852
12/01/2017,2270.44,2497.484
13/01/2017,2274.64,2502.104
17/01/2017,2267.89,2494.679
18/01/2017,2271.89,2499.079
19/01/2017,2263.69,2490.059
20/01/2017,2271.31,2498.441
23/01/2017,2265.2,2491.72
24/01/2017,2280.07,2508.077
25/01/2017,2298.37,2528.207
26/01/2017,2296.68,2526.348
27/01/2017,2294.69,2524.159
30/01/2017,2280.9,2508.99
31/01/2017,2278.87,2506.757
01/02/2017,2279.55,2507.505
02/02/2017,2280.85,2508.935
03/02/2017,2297.42,2527.162
06/02/2017,2292.56,2521.816
07/02/2017,2293.08,2522.388
08/02/2017,2294.67,2524.137
09/02/2017,2307.87,2538.657
10/02/2017,2316.1,2547.71
13/02/2017,2328.25,2561.075
14/02/2017,2337.58,2571.338
15/02/2017,2349.25,2584.175
16/02/2017,2347.22,2581.942
17/02/2017,2351.16,2586.276
21/02/2017,2365.38,2601.918
22/02/2017,2362.82,2599.102
23/02/2017,2363.81,2600.191
24/02/2017,2367.34,2604.074
27/02/2017,2369.75,2606.725
28/02/2017,2363.64,2600.004
01/03/2017,2395.96,2635.556
02/03/2017,2381.92,2620.112
03/03/2017,2383.12,2621.432
06/03/2017,2375.31,2612.841
07/03/2017,2368.39,2605.229
08/03/2017,2362.98,2599.278
09/03/2017,2364.87,2601.357
10/03/2017,2372.6,2609.86
13/03/2017,2373.47,2610.817
14/03/2017,2365.45,2601.995
15/03/2017,2385.26,2623.786
16/03/2017,2381.38,2619.518
17/03/2017,2378.25,2616.075
20/03/2017,2373.47,2610.817
21/03/2017,2344.02,2578.422
22/03/2017,2348.45,2583.295
23/03/2017,2345.96,2580.556
24/03/2017,2343.98,2578.378
27/03/2017,2341.59,2575.749
28/03/2017,2358.57,2594.427
29/03/2017,2361.13,2597.243
30/03/2017,2368.06,2604.866
31/03/2017,2362.72,2598.992
03/04/2017,2358.84,2594.724
04/04/2017,2360.16,2596.176
05/04/2017,2352.95,2588.245
06/04/2017,2357.49,2593.239
07/04/2017,2355.54,2591.094
10/04/2017,2357.16,2592.876
11/04/2017,2353.78,2589.158
12/04/2017,2344.93,2579.423
13/04/2017,2328.95,2561.845
17/04/2017,2349.01,2583.911
18/04/2017,2342.19,2576.409
19/04/2017,2338.17,2571.987
20/04/2017,2355.84,2591.424
21/04/2017,2348.69,2583.559
24/04/2017,2374.15,2611.565
25/04/2017,2388.61,2627.471
26/04/2017,2387.45,2626.195
27/04/2017,2388.77,2627.647
28/04/2017,2384.2,2622.62
01/05/2017,2388.33,2627.163
02/05/2017,2391.17,2630.287
03/05/2017,2388.13,2626.943
04/05/2017,2389.52,2628.472
05/05/2017,2399.29,2639.219
08/05/2017,2399.38,2639.318
09/05/2017,2396.92,2636.612
10/05/2017,2399.63,2639.593
11/05/2017,2394.44,2633.884
12/05/2017,2390.9,2629.99
15/05/2017,2402.32,2642.552
16/05/2017,2400.67,2640.737
17/05/2017,2357.03,2592.733
18/05/2017,2365.72,2602.292
19/05/2017,2381.73,2619.903
22/05/2017,2394.02,2633.422
23/05/2017,2398.42,2638.262
24/05/2017,2404.39,2644.829
25/05/2017,2415.07,2656.577
26/05/2017,2415.82,2657.402
30/05/2017,2412.91,2654.201
31/05/2017,2411.8,2652.98
01/06/2017,2430.06,2673.066
02/06/2017,2439.07,2682.977
05/06/2017,2436.1,2679.71
06/06/2017,2429.33,2672.263
07/06/2017,2433.14,2676.454
08/06/2017,2433.79,2677.169
09/06/2017,2431.77,2674.947
12/06/2017,2429.39,2672.329
13/06/2017,2440.35,2684.385
14/06/2017,2437.92,2681.712
15/06/2017,2432.46,2675.706
16/06/2017,2433.15,2676.465
19/06/2017,2453.46,2698.806
20/06/2017,2437.03,2680.733
21/06/2017,2435.61,2679.171
22/06/2017,2434.5,2677.95
23/06/2017,2438.3,2682.13
26/06/2017,2439.07,2682.977
27/06/2017,2419.38,2661.318
28/06/2017,2440.69,2684.759
29/06/2017,2419.7,2661.67
30/06/2017,2423.41,2665.751
03/07/2017,2429.01,2671.911
05/07/2017,2432.54,2675.794
06/07/2017,2409.75,2650.725
07/07/2017,2425.18,2667.698
10/07/2017,2427.43,2670.173
11/07/2017,2425.53,2668.083
12/07/2017,2443.25,2687.575
13/07/2017,2447.83,2692.613
14/07/2017,2459.27,2705.197
17/07/2017,2459.14,2705.054
18/07/2017,2460.61,2706.671
19/07/2017,2473.83,2721.213
20/07/2017,2473.45,2720.795
21/07/2017,2472.54,2719.794
24/07/2017,2469.91,2716.901
25/07/2017,2477.13,2724.843
26/07/2017,2477.83,2725.613
27/07/2017,2475.42,2722.962
28/07/2017,2472.1,2719.31
31/07/2017,2470.3,2717.33
01/08/2017,2476.35,2723.985
02/08/2017,2477.57,2725.327
03/08/2017,2472.16,2719.376
04/08/2017,2476.83,2724.513
07/08/2017,2480.91,2729.001
08/08/2017,2474.92,2722.412
09/08/2017,2474.02,2721.422
10/08/2017,2438.21,2682.031
11/08/2017,2441.32,2685.452
14/08/2017,2465.84,2712.424
15/08/2017,2464.61,2711.071
16/08/2017,2468.11,2714.921
17/08/2017,2430.01,2673.011
18/08/2017,2425.55,2668.105
21/08/2017,2428.37,2671.207
22/08/2017,2452.51,2697.761
23/08/2017,2444.04,2688.444
24/08/2017,2438.97,2682.867
25/08/2017,2443.05,2687.355
28/08/2017,2444.24,2688.664
29/08/2017,2446.3,2690.93
30/08/2017,2457.59,2703.349
31/08/2017,2471.65,2718.815
01/09/2017,2476.55,2724.205
05/09/2017,2457.85,2703.635
06/09/2017,2465.54,2712.094
07/09/2017,2465.1,2711.61
08/09/2017,2461.43,2707.573
11/09/2017,2488.11,2736.921
12/09/2017,2496.48,2746.128
13/09/2017,2498.37,2748.207
14/09/2017,2495.62,2745.182
15/09/2017,2500.23,2750.253
18/09/2017,2503.87,2754.257
19/09/2017,2506.65,2757.315
20/09/2017,2508.24,2759.064
21/09/2017,2500.6,2750.66
22/09/2017,2502.22,2752.442
25/09/2017,2496.66,2746.326
26/09/2017,2496.84,2746.524
27/09/2017,2507.04,2757.744
28/09/2017,2510.06,2761.066
29/09/2017,2519.36,2771.296
02/10/2017,2529.12,2782.032
03/10/2017,2534.58,2788.038
04/10/2017,2537.74,2791.514
05/10/2017,2552.07,2807.277
06/10/2017,2549.33,2804.263
09/10/2017,2544.73,2799.203
10/10/2017,2550.64,2805.704
11/10/2017,2555.24,2810.764
12/10/2017,2550.93,2806.023
13/10/2017,2553.17,2808.487
16/10/2017,2557.64,2813.404
17/10/2017,2559.36,2815.296
18/10/2017,2561.26,2817.386
19/10/2017,2562.1,2818.31
20/10/2017,2575.21,2832.731
23/10/2017,2564.98,2821.478
24/10/2017,2569.13,2826.043
25/10/2017,2557.15,2812.865
26/10/2017,2560.4,2816.44
27/10/2017,2581.07,2839.177
30/10/2017,2572.83,2830.113
31/10/2017,2575.26,2832.786
01/11/2017,2579.36,2837.296
02/11/2017,2579.85,2837.835
03/11/2017,2587.84,2846.624
06/11/2017,2591.13,2850.243
07/11/2017,2590.64,2849.704
08/11/2017,2594.38,2853.818
09/11/2017,2584.62,2843.082
10/11/2017,2582.3,2840.53
13/11/2017,2584.84,2843.324
14/11/2017,2578.87,2836.757
15/11/2017,2564.62,2821.082
16/11/2017,2585.64,2844.204
17/11/2017,2578.85,2836.735
20/11/2017,2582.14,2840.354
21/11/2017,2599.03,2858.933
22/11/2017,2597.08,2856.788
24/11/2017,2602.42,2862.662
27/11/2017,2601.42,2861.562
28/11/2017,2627.04,2889.744
29/11/2017,2626.07,2888.677
30/11/2017,2647.58,2912.338
01/12/2017,2642.22,2906.442
04/12/2017,2639.44,2903.384
05/12/2017,2629.57,2892.527
06/12/2017,2629.27,2892.197
07/12/2017,2636.98,2900.678
08/12/2017,2651.5,2916.65
11/12/2017,2659.99,2925.989
12/12/2017,2664.11,2930.521
13/12/2017,2662.85,2929.135
14/12/2017,2652.01,2917.211
15/12/2017,2675.81,2943.391
18/12/2017,2690.16,2959.176
19/12/2017,2681.47,2949.617
20/12/2017,2679.25,2947.175
21/12/2017,2684.57,2953.027
22/12/2017,2683.34,2951.674
26/12/2017,2680.5,2948.55
27/12/2017,2682.62,2950.882
28/12/2017,2687.54,2956.294
29/12/2017,2673.61,2940.971
02/01/2018,2695.81,2965.391
03/01/2018,2713.06,2984.366
04/01/2018,2723.99,2996.389
05/01/2018,2743.15,3017.465
08/01/2018,2747.71,3022.481
09/01/2018,2751.29,3026.419
10/01/2018,2748.23,3023.053
11/01/2018,2767.56,3044.316
12/01/2018,2786.24,3064.864
16/01/2018,2776.42,3054.062
17/01/2018,2802.56,3082.816
18/01/2018,2798.03,3077.833
19/01/2018,2810.3,3091.33
22/01/2018,2832.97,3116.267
23/01/2018,2839.13,3123.043
24/01/2018,2837.54,3121.294
25/01/2018,2839.25,3123.175
26/01/2018,2872.87,3160.157
29/01/2018,2853.53,3138.883
30/01/2018,2822.43,3104.673
31/01/2018,2823.81,3106.191
01/02/2018,2821.98,3104.178
02/02/2018,2762.13,3038.343
05/02/2018,2648.94,2913.834
06/02/2018,2695.14,2964.654
07/02/2018,2681.66,2949.826
08/02/2018,2581,2839.1
09/02/2018,2619.55,2881.505
12/02/2018,2656,2921.6
13/02/2018,2662.94,2929.234
14/02/2018,2698.63,2968.493
15/02/2018,2731.2,3004.32
16/02/2018,2732.22,3005.442
20/02/2018,2716.26,2987.886
21/02/2018,2701.33,2971.463
22/02/2018,2703.96,2974.356
23/02/2018,2747.3,3022.03
26/02/2018,2779.6,3057.56
27/02/2018,2744.28,3018.708
28/02/2018,2713.83,2985.213
01/03/2018,2677.67,2945.437
02/03/2018,2691.25,2960.375
05/03/2018,2720.94,2993.034
06/03/2018,2728.12,3000.932
07/03/2018,2726.8,2999.48
08/03/2018,2738.97,3012.867
09/03/2018,2786.57,3065.227
12/03/2018,2783.02,3061.322
13/03/2018,2765.31,3041.841
14/03/2018,2749.48,3024.428
15/03/2018,2747.33,3022.063
16/03/2018,2752.01,3027.211
19/03/2018,2712.92,2984.212
20/03/2018,2716.94,2988.634
21/03/2018,2711.93,2983.123
22/03/2018,2643.69,2908.059
23/03/2018,2588.26,2847.086
26/03/2018,2658.55,2924.405
27/03/2018,2612.62,2873.882
28/03/2018,2605,2865.5
29/03/2018,2640.87,2904.957
02/04/2018,2581.88,2840.068
03/04/2018,2614.45,2875.895
04/04/2018,2644.69,2909.159
05/04/2018,2662.84,2929.124
06/04/2018,2604.47,2864.917
09/04/2018,2613.16,2874.476
10/04/2018,2656.87,2922.557
11/04/2018,2642.19,2906.409
12/04/2018,2663.99,2930.389
13/04/2018,2656.3,2921.93
16/04/2018,2677.84,2945.624
17/04/2018,2706.39,2977.029
18/04/2018,2708.64,2979.504
19/04/2018,2693.13,2962.443
20/04/2018,2670.14,2937.154
23/04/2018,2670.29,2937.319
24/04/2018,2634.56,2898.016
25/04/2018,2639.4,2903.34
26/04/2018,2666.94,2933.634
27/04/2018,2669.91,2936.901
30/04/2018,2648.05,2912.855
01/05/2018,2654.8,2920.28
02/05/2018,2635.67,2899.237
03/05/2018,2629.73,2892.703
04/05/2018,2663.42,2929.762
07/05/2018,2672.63,2939.893
08/05/2018,2671.92,2939.112
09/05/2018,2697.79,2967.569
10/05/2018,2723.07,2995.377
11/05/2018,2727.72,3000.492
14/05/2018,2730.13,3003.143
15/05/2018,2711.45,2982.595
16/05/2018,2722.46,2994.706
17/05/2018,2720.13,2992.143
18/05/2018,2712.97,2984.267
21/05/2018,2733.01,3006.311
22/05/2018,2724.44,2996.884
23/05/2018,2733.29,3006.619
24/05/2018,2727.76,3000.536
25/05/2018,2721.33,2993.463
29/05/2018,2689.86,2958.846
30/05/2018,2724.01,2996.411
31/05/2018,2705.27,2975.797
01/06/2018,2734.62,3008.082
04/06/2018,2746.87,3021.557
05/06/2018,2748.8,3023.68
06/06/2018,2772.35,3049.585
07/06/2018,2770.37,3047.407
08/06/2018,2779.03,3056.933
11/06/2018,2782,3060.2
12/06/2018,2786.85,3065.535
13/06/2018,2775.63,3053.193
14/06/2018,2782.49,3060.739
15/06/2018,2779.66,3057.626
18/06/2018,2773.75,3051.125
19/06/2018,2762.59,3038.849
20/06/2018,2767.32,3044.052
21/06/2018,2749.76,3024.736
22/06/2018,2754.88,3030.368
25/06/2018,2717.07,2988.777
26/06/2018,2723.06,2995.366
27/06/2018,2699.63,2969.593
28/06/2018,2716.31,2987.941
29/06/2018,2718.37,2990.207
02/07/2018,2726.71,2999.381
03/07/2018,2713.22,2984.542
05/07/2018,2736.61,3010.271
06/07/2018,2759.82,3035.802
09/07/2018,2784.17,3062.587
10/07/2018,2793.84,3073.224
11/07/2018,2774.02,3051.422
12/07/2018,2798.29,3078.119
13/07/2018,2801.31,3081.441
16/07/2018,2798.43,3078.273
17/07/2018,2809.55,3090.505
18/07/2018,2815.62,3097.182
19/07/2018,2804.49,3084.939
20/07/2018,2801.83,3082.013
23/07/2018,2806.98,3087.678
24/07/2018,2820.4,3102.44
25/07/2018,2846.07,3130.677
26/07/2018,2837.44,3121.184
27/07/2018,2818.82,3100.702
30/07/2018,2802.6,3082.86
31/07/2018,2816.29,3097.919
01/08/2018,2813.36,3094.696
02/08/2018,2827.22,3109.942
03/08/2018,2840.35,3124.385
06/08/2018,2850.4,3135.44
07/08/2018,2858.45,3144.295
08/08/2018,2857.7,3143.47
09/08/2018,2853.58,3138.938
10/08/2018,2833.28,3116.608
13/08/2018,2821.93,3104.123
14/08/2018,2839.96,3123.956
15/08/2018,2818.37,3100.207
16/08/2018,2840.69,3124.759
17/08/2018,2850.13,3135.143
20/08/2018,2857.05,3142.755
21/08/2018,2862.96,3149.256
22/08/2018,2861.82,3148.002
23/08/2018,2856.98,3142.678
24/08/2018,2874.69,3162.159
27/08/2018,2896.74,3186.414
28/08/2018,2897.52,3187.272
29/08/2018,2914.04,3205.444
30/08/2018,2901.13,3191.243
31/08/2018,2901.52,3191.672
04/09/2018,2896.72,3186.392
05/09/2018,2888.6,3177.46
06/09/2018,2878.05,3165.855
07/09/2018,2871.68,3158.848
10/09/2018,2877.13,3164.843
11/09/2018,2887.89,3176.679
12/09/2018,2888.92,3177.812
13/09/2018,2904.18,3194.598
14/09/2018,2904.98,3195.478
17/09/2018,2888.8,3177.68
18/09/2018,2904.31,3194.741
19/09/2018,2907.95,3198.745
20/09/2018,2930.75,3223.825
21/09/2018,2929.67,3222.637
24/09/2018,2919.37,3211.307
25/09/2018,2915.56,3207.116
26/09/2018,2905.97,3196.567
27/09/2018,2914,3205.4
28/09/2018,2913.98,3205.378
01/10/2018,2924.59,3217.049
02/10/2018,2923.43,3215.773
03/10/2018,2925.51,3218.061
04/10/2018,2901.61,3191.771
05/10/2018,2885.57,3174.127
08/10/2018,2884.43,3172.873
09/10/2018,2880.34,3168.374
10/10/2018,2785.68,3064.248
11/10/2018,2728.37,3001.207
12/10/2018,2767.13,3043.843
15/10/2018,2750.79,3025.869
16/10/2018,2809.92,3090.912
17/10/2018,2809.21,3090.131
18/10/2018,2768.78,3045.658
19/10/2018,2767.78,3044.558
22/10/2018,2755.88,3031.468
23/10/2018,2740.69,3014.759
24/10/2018,2656.1,2921.71
25/10/2018,2705.57,2976.127
26/10/2018,2658.69,2924.559
29/10/2018,2641.25,2905.375
30/10/2018,2682.63,2950.893
31/10/2018,2711.74,2982.914
01/11/2018,2740.37,3014.407
02/11/2018,2723.06,2995.366
05/11/2018,2738.31,3012.141
06/11/2018,2755.45,3030.995
07/11/2018,2813.89,3095.279
08/11/2018,2806.83,3087.513
09/11/2018,2781.01,3059.111
12/11/2018,2726.22,2998.842
13/11/2018,2722.18,2994.398
14/11/2018,2701.58,2971.738
15/11/2018,2730.2,3003.22
16/11/2018,2736.27,3009.897
19/11/2018,2690.73,2959.803
20/11/2018,2641.89,2906.079
21/11/2018,2649.93,2914.923
23/11/2018,2632.56,2895.816
26/11/2018,2673.45,2940.795
27/11/2018,2682.17,2950.387
28/11/2018,2743.79,3018.169
29/11/2018,2737.76,3011.536
30/11/2018,2760.17,3036.187
03/12/2018,2790.37,3069.407
04/12/2018,2700.06,2970.066
06/12/2018,2695.95,2965.545
07/12/2018,2633.08,2896.388
10/12/2018,2637.72,2901.492
11/12/2018,2636.78,2900.458
12/12/2018,2651.07,2916.177
13/12/2018,2650.54,2915.594
14/12/2018,2599.95,2859.945
17/12/2018,2545.94,2800.534
18/12/2018,2546.16,2800.776
19/12/2018,2506.96,2757.656
20/12/2018,2467.42,2714.162
21/12/2018,2416.62,2658.282
24/12/2018,2351.1,2586.21
26/12/2018,2467.7,2714.47
27/12/2018,2488.83,2737.713
28/12/2018,2485.74,2734.314
31/12/2018,2506.85,2757.535
02/01/2019,2510.03,2761.033
03/01/2019,2447.89,2692.679
04/01/2019,2531.94,2785.134
07/01/2019,2549.69,2804.659
08/01/2019,2574.41,2831.851
09/01/2019,2584.96,2843.456
10/01/2019,2596.64,2856.304
11/01/2019,2596.26,2855.886
14/01/2019,2582.61,2840.871
15/01/2019,2610.3,2871.33
16/01/2019,2616.1,2877.71
17/01/2019,2635.96,2899.556
18/01/2019,2670.71,2937.781
22/01/2019,2632.9,2896.19
23/01/2019,2638.7,2902.57
24/01/2019,2642.33,2906.563
25/01/2019,2664.76,2931.236
28/01/2019,2643.85,2908.235
29/01/2019,2640,2904
30/01/2019,2681.05,2949.155
31/01/2019,2704.1,2974.51
01/02/2019,2706.53,2977.183
04/02/2019,2724.87,2997.357
05/02/2019,2737.7,3011.47
06/02/2019,2731.61,3004.771
07/02/2019,2706.05,2976.655
08/02/2019,2707.88,2978.668
11/02/2019,2709.8,2980.78
12/02/2019,2744.73,3019.203
13/02/2019,2753.03,3028.333
14/02/2019,2745.73,3020.303
15/02/2019,2775.6,3053.16
19/02/2019,2779.76,3057.736
20/02/2019,2784.7,3063.17
21/02/2019,2774.88,3052.368
22/02/2019,2792.67,3071.937
25/02/2019,2796.11,3075.721
26/02/2019,2793.9,3073.29
27/02/2019,2792.38,3071.618
28/02/2019,2784.49,3062.939
01/03/2019,2803.69,3084.059
04/03/2019,2792.81,3072.091
05/03/2019,2789.65,3068.615
06/03/2019,2771.45,3048.595
07/03/2019,2748.93,3023.823
08/03/2019,2743.07,3017.377
11/03/2019,2783.3,3061.63
12/03/2019,2791.52,3070.672
13/03/2019,2810.92,3092.012
14/03/2019,2808.48,3089.328
15/03/2019,2822.48,3104.728
18/03/2019,2832.94,3116.234
19/03/2019,2832.57,3115.827
20/03/2019,2824.23,3106.653
21/03/2019,2854.88,3140.368
22/03/2019,2800.71,3080.781
25/03/2019,2798.36,3078.196
26/03/2019,2818.46,3100.306
27/03/2019,2805.37,3085.907
28/03/2019,2815.44,3096.984
29/03/2019,2834.4,3117.84
01/04/2019,2867.19,3153.909
02/04/2019,2867.24,3153.964
03/04/2019,2873.4,3160.74
04/04/2019,2879.39,3167.329
05/04/2019,2892.74,3182.014
08/04/2019,2895.77,3185.347
09/04/2019,2878.2,3166.02
10/04/2019,2888.21,3177.031
11/04/2019,2888.32,3177.152
12/04/2019,2907.41,3198.151
15/04/2019,2905.58,3196.138
16/04/2019,2907.06,3197.766
17/04/2019,2900.45,3190.495
18/04/2019,2905.03,3195.533
22/04/2019,2907.97,3198.767
23/04/2019,2933.68,3227.048
24/04/2019,2927.25,3219.975
25/04/2019,2926.17,3218.787
26/04/2019,2939.88,3233.868
29/04/2019,2943.03,3237.333
30/04/2019,2945.83,3240.413
01/05/2019,2923.73,3216.103
02/05/2019,2917.52,3209.272
03/05/2019,2945.64,3240.204
06/05/2019,2932.47,3225.717
07/05/2019,2884.05,3172.455
08/05/2019,2879.42,3167.362
09/05/2019,2870.72,3157.792
10/05/2019,2881.4,3169.54
13/05/2019,2811.87,3093.057
14/05/2019,2834.41,3117.851
15/05/2019,2850.96,3136.056
16/05/2019,2876.32,3163.952
17/05/2019,2859.53,3145.483
20/05/2019,2840.23,3124.253
21/05/2019,2864.36,3150.796
22/05/2019,2856.27,3141.897
23/05/2019,2822.24,3104.464
24/05/2019,2826.06,3108.666
28/05/2019,2802.39,3082.629
29/05/2019,2783.02,3061.322
30/05/2019,2788.86,3067.746
31/05/2019,2752.06,3027.266
03/06/2019,2744.45,3018.895
04/06/2019,2803.27,3083.597
05/06/2019,2826.15,3108.765
06/06/2019,2843.49,3127.839
07/06/2019,2873.34,3160.674
10/06/2019,2886.73,3175.403
11/06/2019,2885.72,3174.292
12/06/2019,2879.84,3167.824
13/06/2019,2891.64,3180.804
14/06/2019,2886.98,3175.678
17/06/2019,2889.67,3178.637
18/06/2019,2917.75,3209.525
19/06/2019,2926.46,3219.106
20/06/2019,2954.18,3249.598
21/06/2019,2950.46,3245.506
24/06/2019,2945.35,3239.885
25/06/2019,2917.38,3209.118
26/06/2019,2913.78,3205.158
27/06/2019,2924.92,3217.412
28/06/2019,2941.76,3235.936
01/07/2019,2964.33,3260.763
02/07/2019,2973.01,3270.311
03/07/2019,2995.82,3295.402
05/07/2019,2990.41,3289.451
08/07/2019,2975.95,3273.545
09/07/2019,2979.63,3277.593
10/07/2019,2993.07,3292.377
11/07/2019,2999.91,3299.901
12/07/2019,3013.77,3315.147
15/07/2019,3014.3,3315.73
16/07/2019,3004.04,3304.444
17/07/2019,2984.42,3282.862
18/07/2019,2995.11,3294.621
19/07/2019,2976.61,3274.271
22/07/2019,2985.03,3283.533
23/07/2019,3005.47,3306.017
24/07/2019,3019.56,3321.516
25/07/2019,3003.67,3304.037
26/07/2019,3025.86,3328.446
29/07/2019,3020.97,3323.067
30/07/2019,3013.18,3314.498
31/07/2019,2980.38,3278.418
01/08/2019,2953.56,3248.916
02/08/2019,2932.05,3225.255
05/08/2019,2844.74,3129.214
06/08/2019,2881.77,3169.947
07/08/2019,2883.98,3172.378
08/08/2019,2938.09,3231.899
09/08/2019,2918.65,3210.515
12/08/2019,2883.75,3172.125
13/08/2019,2926.32,3218.952
14/08/2019,2840.6,3124.66
15/08/2019,2847.6,3132.36
16/08/2019,2888.68,3177.548
19/08/2019,2923.65,3216.015
20/08/2019,2900.51,3190.561
21/08/2019,2924.43,3216.873
22/08/2019,2922.95,3215.245
23/08/2019,2847.11,3131.821
26/08/2019,2878.38,3166.218
27/08/2019,2869.16,3156.076
28/08/2019,2887.94,3176.734
29/08/2019,2924.58,3217.038
30/08/2019,2926.46,3219.106
03/09/2019,2906.27,3196.897
04/09/2019,2937.78,3231.558
05/09/2019,2976,3273.6
06/09/2019,2978.71,3276.581
09/09/2019,2978.43,3276.273
10/09/2019,2979.39,3277.329
11/09/2019,3000.93,3301.023
12/09/2019,3009.57,3310.527
13/09/2019,3007.39,3308.129
16/09/2019,2997.96,3297.756
17/09/2019,3005.7,3306.27
18/09/2019,3006.73,3307.403
19/09/2019,3006.79,3307.469
20/09/2019,2992.07,3291.277
23/09/2019,2991.78,3290.958
24/09/2019,2966.6,3263.26
25/09/2019,2984.87,3283.357
26/09/2019,2977.62,3275.382
27/09/2019,2961.79,3257.969
30/09/2019,2976.74,3274.414
01/10/2019,2940.25,3234.275
02/10/2019,2887.61,3176.371
03/10/2019,2910.63,3201.693
04/10/2019,2952.01,3247.211
07/10/2019,2938.79,3232.669
08/10/2019,2893.06,3182.366
09/10/2019,2919.4,3211.34
10/10/2019,2938.13,3231.943
11/10/2019,2970.27,3267.297
14/10/2019,2966.15,3262.765
15/10/2019,2995.68,3295.248
16/10/2019,2989.69,3288.659
17/10/2019,2997.95,3297.745
18/10/2019,2986.2,3284.82
21/10/2019,3006.72,3307.392
22/10/2019,2995.99,3295.589
23/10/2019,3004.52,3304.972
24/10/2019,3010.29,3311.319
25/10/2019,3022.55,3324.805
28/10/2019,3039.42,3343.362
29/10/2019,3036.89,3340.579
30/10/2019,3046.77,3351.447
31/10/2019,3037.56,3341.316
01/11/2019,3066.91,3373.601
04/11/2019,3078.27,3386.097
05/11/2019,3074.62,3382.082
06/11/2019,3076.78,3384.458
07/11/2019,3085.18,3393.698
08/11/2019,3093.08,3402.388
11/11/2019,3087.01,3395.711
12/11/2019,3091.84,3401.024
13/11/2019,3094.04,3403.444
14/11/2019,3096.63,3406.293
15/11/2019,3120.46,3432.506
18/11/2019,3122.03,3434.233
19/11/2019,3120.18,3432.198
20/11/2019,3108.46,3419.306
21/11/2019,3103.54,3413.894
22/11/2019,3110.29,3421.319
25/11/2019,3133.64,3447.004
26/11/2019,3140.52,3454.572
27/11/2019,3153.63,3468.993
29/11/2019,3140.98,3455.078
02/12/2019,3113.87,3425.257
03/12/2019,3093.2,3402.52
04/12/2019,3112.76,3424.036
05/12/2019,3117.43,3429.173
06/12/2019,3145.91,3460.501
09/12/2019,3135.96,3449.556
10/12/2019,3132.52,3445.772
11/12/2019,3141.63,3455.793
12/12/2019,3168.57,3485.427
13/12/2019,3168.8,3485.68
16/12/2019,3191.45,3510.595
17/12/2019,3192.52,3511.772
18/12/2019,3191.14,3510.254
19/12/2019,3205.37,3525.907
20/12/2019,3221.22,3543.342
23/12/2019,3224.01,3546.411
24/12/2019,3223.38,3545.718
26/12/2019,3239.91,3563.901
27/12/2019,3240.02,3564.022
30/12/2019,3221.29,3543.419
31/12/2019,3230.78,3553.858
02/01/2020,3257.85,3583.635
03/01/2020,3234.85,3558.335
06/01/2020,3246.28,3570.908
07/01/2020,3237.18,3560.898
08/01/2020,3253.05,3578.355
09/01/2020,3274.7,3602.17
10/01/2020,3265.35,3591.885
13/01/2020,3288.13,3616.943
14/01/2020,3283.15,3611.465
15/01/2020,3289.29,3618.219
16/01/2020,3316.81,3648.491
17/01/2020,3329.62,3662.582
21/01/2020,3320.79,3652.869
22/01/2020,3321.75,3653.925
23/01/2020,3325.54,3658.094
24/01/2020,3295.47,3625.017
27/01/2020,3243.63,3567.993
28/01/2020,3276.24,3603.864
29/01/2020,3273.4,3600.74
30/01/2020,3283.66,3612.026
31/01/2020,3225.52,3548.072
03/02/2020,3248.92,3573.812
04/02/2020,3297.59,3627.349
05/02/2020,3334.69,3668.159
06/02/2020,3345.78,3680.358
07/02/2020,3327.71,3660.481
10/02/2020,3352.09,3687.299
11/02/2020,3357.75,3693.525
12/02/2020,3379.45,3717.395
13/02/2020,3373.94,3711.334
14/02/2020,3380.16,3718.176
18/02/2020,3370.29,3707.319
19/02/2020,3386.15,3724.765
20/02/2020,3373.23,3710.553
21/02/2020,3337.75,3671.525
24/02/2020,3225.89,3548.479
25/02/2020,3128.21,3441.031
26/02/2020,3116.39,3428.029
27/02/2020,2978.76,3276.636
28/02/2020,2954.22,3249.642
02/03/2020,3090.23,3399.253
03/03/2020,3003.37,3303.707
04/03/2020,3130.12,3443.132
05/03/2020,3023.94,3326.334
06/03/2020,2972.37,3269.607
09/03/2020,2746.56,3021.216
10/03/2020,2882.23,3170.453
11/03/2020,2741.38,3015.518
12/03/2020,2480.64,2728.704
13/03/2020,2711.02,2982.122
16/03/2020,2386.13,2624.743
17/03/2020,2529.19,2782.109
18/03/2020,2398.1,2637.91
19/03/2020,2409.39,2650.329
20/03/2020,2304.92,2535.412
23/03/2020,2237.4,2461.14
24/03/2020,2447.33,2692.063
25/03/2020,2475.56,2723.116
26/03/2020,2630.07,2893.077
27/03/2020,2541.47,2795.617
30/03/2020,2626.65,2889.315
31/03/2020,2584.59,2843.049
01/04/2020,2470.5,2717.55
02/04/2020,2526.9,2779.59
03/04/2020,2488.65,2737.515
06/04/2020,2663.68,2930.048
07/04/2020,2659.41,2925.351
08/04/2020,2749.98,3024.978
09/04/2020,2789.82,3068.802
13/04/2020,2761.63,3037.793
14/04/2020,2846.06,3130.666
15/04/2020,2783.36,3061.696
16/04/2020,2799.55,3079.505
17/04/2020,2874.56,3162.016
20/04/2020,2823.16,3105.476
21/04/2020,2736.56,3010.216
22/04/2020,2799.31,3079.241
23/04/2020,2797.8,3077.58
24/04/2020,2836.74,3120.414
27/04/2020,2878.48,3166.328
28/04/2020,2863.39,3149.729
29/04/2020,2939.51,3233.461
30/04/2020,2912.43,3203.673
01/05/2020,2830.71,3113.781
04/05/2020,2842.74,3127.014
05/05/2020,2868.44,3155.284
06/05/2020,2848.42,3133.262
07/05/2020,2881.19,3169.309
08/05/2020,2929.8,3222.78
11/05/2020,2930.32,3223.352
12/05/2020,2870.12,3157.132
13/05/2020,2820,3102
14/05/2020,2852.5,3137.75
15/05/2020,2863.7,3150.07
18/05/2020,2953.91,3249.301
19/05/2020,2922.94,3215.234
20/05/2020,2971.61,3268.771
21/05/2020,2948.51,3243.361
22/05/2020,2955.45,3250.995
26/05/2020,2991.77,3290.947
27/05/2020,3036.13,3339.743
28/05/2020,3029.73,3332.703
29/05/2020,3044.31,3348.741
01/06/2020,3055.73,3361.303
02/06/2020,3080.82,3388.902
03/06/2020,3122.87,3435.157
04/06/2020,3112.35,3423.585
05/06/2020,3193.93,3513.323
08/06/2020,3232.39,3555.629
09/06/2020,3207.18,3527.898
10/06/2020,3190.14,3509.154
11/06/2020,3002.1,3302.31
12/06/2020,3041.31,3345.441
15/06/2020,3066.59,3373.249
16/06/2020,3124.74,3437.214
17/06/2020,3113.49,3424.839
18/06/2020,3115.34,3426.874
19/06/2020,3097.74,3407.514
22/06/2020,3117.86,3429.646
23/06/2020,3131.29,3444.419
24/06/2020,3050.33,3355.363
25/06/2020,3083.76,3392.136
26/06/2020,3009.05,3309.955
29/06/2020,3053.24,3358.564
30/06/2020,3100.29,3410.319
01/07/2020,3115.86,3427.446
02/07/2020,3130.01,3443.011
06/07/2020,3179.72,3497.692
07/07/2020,3145.32,3459.852
08/07/2020,3169.94,3486.934
09/07/2020,3152.05,3467.255
10/07/2020,3185.04,3503.544
13/07/2020,3155.22,3470.742
14/07/2020,3197.52,3517.272
15/07/2020,3226.56,3549.216
16/07/2020,3215.57,3537.127
17/07/2020,3224.73,3547.203
20/07/2020,3251.84,3577.024
21/07/2020,3257.3,3583.03
22/07/2020,3276.02,3603.622
23/07/2020,3235.66,3559.226
24/07/2020,3215.63,3537.193
27/07/2020,3239.41,3563.351
28/07/2020,3218.44,3540.284
29/07/2020,3258.44,3584.284
30/07/2020,3246.22,3570.842
31/07/2020,3271.12,3598.232
03/08/2020,3294.61,3624.071
04/08/2020,3306.51,3637.161
05/08/2020,3327.77,3660.547
06/08/2020,3349.16,3684.076
07/08/2020,3351.28,3686.408
10/08/2020,3360.47,3696.517
11/08/2020,3333.69,3667.059
12/08/2020,3380.35,3718.385
13/08/2020,3373.43,3710.773
14/08/2020,3372.85,3710.135
17/08/2020,3381.99,3720.189
18/08/2020,3389.78,3728.758
19/08/2020,3374.85,3712.335
20/08/2020,3385.51,3724.061
21/08/2020,3397.16,3736.876
24/08/2020,3431.28,3774.408
25/08/2020,3443.62,3787.982
26/08/2020,3478.73,3826.603
27/08/2020,3484.55,3833.005
28/08/2020,3508.01,3858.811
31/08/2020,3500.31,3850.341
01/09/2020,3526.65,3879.315
02/09/2020,3580.84,3938.924
03/09/2020,3455.06,3800.566
04/09/2020,3426.96,3769.656
08/09/2020,3331.84,3665.024
09/09/2020,3398.96,3738.856
10/09/2020,3339.19,3673.109
11/09/2020,3340.97,3675.067
14/09/2020,3383.54,3721.894
15/09/2020,3401.2,3741.32
16/09/2020,3385.49,3724.039
17/09/2020,3357.01,3692.711
18/09/2020,3319.47,3651.417
21/09/2020,3281.06,3609.166
22/09/2020,3315.57,3647.127
23/09/2020,3236.92,3560.612
24/09/2020,3246.59,3571.249
25/09/2020,3298.46,3628.306
28/09/2020,3351.6,3686.76
29/09/2020,3335.47,3669.017
30/09/2020,3363,3699.3
01/10/2020,3380.8,3718.88
02/10/2020,3348.44,3683.284
05/10/2020,3408.63,3749.493
06/10/2020,3360.95,3697.045
07/10/2020,3419.45,3761.395
08/10/2020,3446.83,3791.513
09/10/2020,3477.13,3824.843
12/10/2020,3534.22,3887.642
13/10/2020,3511.93,3863.123
14/10/2020,3488.67,3837.537
15/10/2020,3483.34,3831.674
16/10/2020,3483.81,3832.191
19/10/2020,3426.92,3769.612
20/10/2020,3443.12,3787.432
21/10/2020,3435.56,3779.116
22/10/2020,3453.49,3798.839
23/10/2020,3465.39,3811.929
26/10/2020,3400.97,3741.067
27/10/2020,3390.68,3729.748
28/10/2020,3271.03,3598.133
29/10/2020,3310.11,3641.121
30/10/2020,3269.96,3596.956
02/11/2020,3310.24,3641.264
03/11/2020,3369.16,3706.076
04/11/2020,3443.44,3787.784
05/11/2020,3510.45,3861.495
06/11/2020,3509.44,3860.384
09/11/2020,3550.5,3905.55
10/11/2020,3545.53,3900.083
11/11/2020,3572.66,3929.926
12/11/2020,3537.01,3890.711
13/11/2020,3585.15,3943.665
16/11/2020,3626.91,3989.601
17/11/2020,3609.53,3970.483
18/11/2020,3567.79,3924.569
19/11/2020,3581.87,3940.057
20/11/2020,3557.54,3913.294
23/11/2020,3577.59,3935.349
24/11/2020,3635.41,3998.951
25/11/2020,3629.65,3992.615
27/11/2020,3638.35,4002.185
30/11/2020,3621.63,3983.793
01/12/2020,3662.45,4028.695
02/12/2020,3669.01,4035.911
03/12/2020,3666.72,4033.392
04/12/2020,3699.12,4069.032
07/12/2020,3691.96,4061.156
08/12/2020,3702.25,4072.475
09/12/2020,3672.82,4040.102
10/12/2020,3668.1,4034.91
11/12/2020,3663.46,4029.806
14/12/2020,3647.49,4012.239
15/12/2020,3694.62,4064.082
16/12/2020,3701.17,4071.287
17/12/2020,3722.48,4094.728
18/12/2020,3709.41,4080.351
21/12/2020,3694.92,4064.412
22/12/2020,3687.26,4055.986
23/12/2020,3690.01,4059.011
24/12/2020,3703.06,4073.366
28/12/2020,3735.36,4108.896
29/12/2020,3727.04,4099.744
30/12/2020,3732.04,4105.244
31/12/2020,3756.07,4131.677
04/01/2021,3700.65,4070.715
05/01/2021,3726.86,4099.546
06/01/2021,3748.14,4122.954
07/01/2021,3803.79,4184.169
08/01/2021,3824.68,4207.148
11/01/2021,3799.61,4179.571
12/01/2021,3801.19,4181.309
13/01/2021,3809.84,4190.824
14/01/2021,3795.54,4175.094
15/01/2021,3768.25,4145.075
19/01/2021,3798.91,4178.801
20/01/2021,3851.85,4237.035
21/01/2021,3853.07,4238.377
22/01/2021,3841.47,4225.617
25/01/2021,3855.36,4240.896
26/01/2021,3849.62,4234.582
27/01/2021,3750.77,4125.847
28/01/2021,3787.38,4166.118
29/01/2021,3714.24,4085.664
01/02/2021,3773.86,4151.246
02/02/2021,3826.31,4208.941
03/02/2021,3830.17,4213.187
04/02/2021,3871.74,4258.914
05/02/2021,3886.83,4275.513
08/02/2021,3915.59,4307.149
09/02/2021,3911.23,4302.353
10/02/2021,3909.88,4300.868
11/02/2021,3916.38,4308.018
12/02/2021,3934.83,4328.313
16/02/2021,3932.59,4325.849
17/02/2021,3931.33,4324.463
18/02/2021,3913.97,4305.367
19/02/2021,3906.71,4297.381
22/02/2021,3876.5,4264.15
23/02/2021,3881.37,4269.507
24/02/2021,3925.43,4317.973
25/02/2021,3829.34,4212.274
26/02/2021,3811.15,4192.265
01/03/2021,3901.82,4292.002
02/03/2021,3870.29,4257.319
03/03/2021,3819.72,4201.692
04/03/2021,3768.47,4145.317
05/03/2021,3841.94,4226.134
08/03/2021,3821.35,4203.485
09/03/2021,3875.44,4262.984
10/03/2021,3898.81,4288.691
11/03/2021,3939.34,4333.274
12/03/2021,3943.34,4337.674
15/03/2021,3968.94,4365.834
16/03/2021,3962.71,4358.981
17/03/2021,3974.12,4371.532
18/03/2021,3915.46,4307.006
19/03/2021,3913.1,4304.41
22/03/2021,3940.59,4334.649
23/03/2021,3910.52,4301.572
24/03/2021,3889.14,4278.054
25/03/2021,3909.52,4300.472
26/03/2021,3974.54,4371.994
29/03/2021,3971.09,4368.199
30/03/2021,3958.55,4354.405
31/03/2021,3972.89,4370.179
01/04/2021,4019.87,4421.857
05/04/2021,4077.91,4485.701
06/04/2021,4073.94,4481.334
07/04/2021,4079.95,4487.945
08/04/2021,4097.17,4506.887
09/04/2021,4128.8,4541.68
12/04/2021,4127.99,4540.789
13/04/2021,4141.59,4555.749
14/04/2021,4124.66,4537.126
15/04/2021,4170.42,4587.462
16/04/2021,4185.47,4604.017
19/04/2021,4163.26,4579.586
20/04/2021,4134.94,4548.434
21/04/2021,4173.42,4590.762
22/04/2021,4134.98,4548.478
23/04/2021,4180.17,4598.187
26/04/2021,4187.62,4606.382
27/04/2021,4186.72,4605.392
28/04/2021,4183.18,4601.498
29/04/2021,4211.47,4632.617
30/04/2021,4181.17,4599.287
03/05/2021,4192.66,4611.926
04/05/2021,4164.66,4581.126
05/05/2021,4167.59,4584.349
06/05/2021,4201.62,4621.782
07/05/2021,4232.6,4655.86
10/05/2021,4188.43,4607.273
11/05/2021,4152.1,4567.31
12/05/2021,4063.04,4469.344
13/05/2021,4112.5,4523.75
14/05/2021,4173.85,4591.235
17/05/2021,4163.29,4579.619
18/05/2021,4127.83,4540.613
19/05/2021,4115.68,4527.248
20/05/2021,4159.12,4575.032
21/05/2021,4155.86,4571.446
24/05/2021,4197.05,4616.755
25/05/2021,4188.13,4606.943
26/05/2021,4195.99,4615.589
27/05/2021,4200.88,4620.968
28/05/2021,4204.11,4624.521
01/06/2021,4202.04,4622.244
02/06/2021,4208.12,4628.932
03/06/2021,4192.85,4612.135
04/06/2021,4229.89,4652.879
07/06/2021,4226.52,4649.172
08/06/2021,4227.26,4649.986
09/06/2021,4219.55,4641.505
10/06/2021,4239.18,4663.098
11/06/2021,4247.44,4672.184
14/06/2021,4255.15,4680.665
15/06/2021,4246.59,4671.249
16/06/2021,4223.7,4646.07
17/06/2021,4221.86,4644.046
18/06/2021,4166.45,4583.095
21/06/2021,4224.79,4647.269
22/06/2021,4246.44,4671.084
23/06/2021,4241.84,4666.024
24/06/2021,4266.49,4693.139
25/06/2021,4280.7,4708.77
28/06/2021,4290.61,4719.671
29/06/2021,4291.8,4720.98
30/06/2021,4297.5,4727.25
01/07/2021,4319.94,4751.934
02/07/2021,4352.34,4787.574
06/07/2021,4343.54,4777.894
07/07/2021,4358.13,4793.943
08/07/2021,4320.82,4752.902
09/07/2021,4369.55,4806.505
12/07/2021,4384.63,4823.093
13/07/2021,4369.21,4806.131
14/07/2021,4374.3,4811.73
15/07/2021,4360.03,4796.033
16/07/2021,4327.16,4759.876
19/07/2021,4258.49,4684.339
20/07/2021,4323.06,4755.366
21/07/2021,4358.69,4794.559
22/07/2021,4367.48,4804.228
23/07/2021,4411.79,4852.969
26/07/2021,4422.3,4864.53
27/07/2021,4401.46,4841.606
28/07/2021,4400.64,4840.704
29/07/2021,4419.15,4861.065
30/07/2021,4395.26,4834.786
02/08/2021,4387.16,4825.876
03/08/2021,4423.15,4865.465
04/08/2021,4402.66,4842.926
05/08/2021,4429.1,4872.01
06/08/2021,4436.52,4880.172
09/08/2021,4432.35,4875.585
10/08/2021,4436.75,4880.425
11/08/2021,4447.7,4892.47
12/08/2021,4460.83,4906.913
13/08/2021,4468,4914.8
16/08/2021,4479.71,4927.681
17/08/2021,4448.08,4892.888
18/08/2021,4400.27,4840.297
19/08/2021,4405.8,4846.38
20/08/2021,4441.67,4885.837
23/08/2021,4479.53,4927.483
24/08/2021,4486.23,4934.853
25/08/2021,4496.19,4945.809
26/08/2021,4470,4917
27/08/2021,4509.37,4960.307
30/08/2021,4528.79,4981.669
31/08/2021,4522.68,4974.948
01/09/2021,4524.09,4976.499
02/09/2021,4536.95,4990.645
03/09/2021,4535.43,4988.973
07/09/2021,4520.03,4972.033
08/09/2021,4514.07,4965.477
09/09/2021,4493.28,4942.608
10/09/2021,4458.58,4904.438
13/09/2021,4468.73,4915.603
14/09/2021,4443.05,4887.355
15/09/2021,4480.7,4928.77
16/09/2021,4473.75,4921.125
17/09/2021,4432.99,4876.289
20/09/2021,4357.73,4793.503
21/09/2021,4354.19,4789.609
22/09/2021,4395.64,4835.204
23/09/2021,4448.98,4893.878
24/09/2021,4455.48,4901.028
27/09/2021,4443.11,4887.421
28/09/2021,4352.63,4787.893
29/09/2021,4359.46,4795.406
30/09/2021,4307.54,4738.294
01/10/2021,4357.04,4792.744
04/10/2021,4300.46,4730.506
05/10/2021,4345.72,4780.292
06/10/2021,4363.55,4799.905
07/10/2021,4399.76,4839.736
08/10/2021,4391.34,4830.474
11/10/2021,4361.19,4797.309
12/10/2021,4350.65,4785.715
13/10/2021,4363.8,4800.18
14/10/2021,4438.26,4882.086
15/10/2021,4471.37,4918.507
18/10/2021,4486.46,4935.106
19/10/2021,4519.63,4971.593
20/10/2021,4536.19,4989.809
21/10/2021,4549.78,5004.758
22/10/2021,4544.9,4999.39
25/10/2021,4566.48,5023.128
26/10/2021,4574.79,5032.269
27/10/2021,4551.68,5006.848
28/10/2021,4596.42,5056.062
29/10/2021,4605.38,5065.918
01/11/2021,4613.67,5075.037
02/11/2021,4630.65,5093.715
03/11/2021,4660.57,5126.627
04/11/2021,4680.06,5148.066
05/11/2021,4697.53,5167.283
08/11/2021,4701.7,5171.87
09/11/2021,4685.25,5153.775
10/11/2021,4646.71,5111.381
11/11/2021,4649.27,5114.197
12/11/2021,4682.85,5151.135
15/11/2021,4682.8,5151.08
16/11/2021,4700.9,5170.99
17/11/2021,4688.67,5157.537
18/11/2021,4704.54,5174.994
19/11/2021,4697.96,5167.756
22/11/2021,4682.94,5151.234
23/11/2021,4690.7,5159.77
24/11/2021,4701.46,5171.606
26/11/2021,4594.62,5054.082
29/11/2021,4655.27,5120.797
30/11/2021,4567,5023.7
01/12/2021,4513.04,4964.344
02/12/2021,4577.1,5034.81
03/12/2021,4538.43,4992.273
06/12/2021,4591.67,5050.837
07/12/2021,4686.75,5155.425
08/12/2021,4701.21,5171.331
09/12/2021,4667.45,5134.195
10/12/2021,4712.02,5183.222
13/12/2021,4668.97,5135.867
14/12/2021,4634.09,5097.499
15/12/2021,4709.85,5180.835
16/12/2021,4668.67,5135.537
17/12/2021,4620.64,5082.704
20/12/2021,4568.02,5024.822
21/12/2021,4649.23,5114.153
22/12/2021,4696.56,5166.216
23/12/2021,4725.79,5198.369
27/12/2021,4791.19,5270.309
28/12/2021,4786.35,5264.985
